source_scope,source_table,source_row,model_alias,model_id,model_revision,suite_id,task_label,evaluation_id,dedup_key,metric,value,value_unit,uncertainty,level,magnification,embedding_recipe,downstream_protocol,cohort_access,reference_url,source_locator,source_revision,source_sha256,inclusion_status,inclusion_reason
official_secondary_comparator,Phikon-v2 Table 2,CTransPath/ER/BCNB,CTransPath,ctranspath,official GitHub checkpoint; exact file revision not reported,phikon_v2_external,ER on BCNB,ctranspath.phikonv2.t2.er.bcnb.auroc,er.bcnb.auroc,auroc,0.800,fraction,"median over 10,000 bootstrap repetitions",slide,1.0 µm/px,CTransPath mean-token features with ABMIL,external-cohort ABMIL evaluation,public,https://arxiv.org/abs/2409.09173v1,arXiv 2409.09173v1|Table 2|CTransPath,arXiv v1,52e26d832d27a6d51ce2b68da462f6a6ad851236fc1efafb9b1258359fc6b633,secondary_only_excluded,Comparator value was not reported by the CTransPath authors; PAIP is additionally flagged for pretraining overlap.
official_secondary_comparator,Phikon-v2 Table 2,CTransPath/PR/BCNB,CTransPath,ctranspath,official GitHub checkpoint; exact file revision not reported,phikon_v2_external,PR on BCNB,ctranspath.phikonv2.t2.pr.bcnb.auroc,pr.bcnb.auroc,auroc,0.788,fraction,"median over 10,000 bootstrap repetitions",slide,1.0 µm/px,CTransPath mean-token features with ABMIL,external-cohort ABMIL evaluation,public,https://arxiv.org/abs/2409.09173v1,arXiv 2409.09173v1|Table 2|CTransPath,arXiv v1,52e26d832d27a6d51ce2b68da462f6a6ad851236fc1efafb9b1258359fc6b633,secondary_only_excluded,Comparator value was not reported by the CTransPath authors; PAIP is additionally flagged for pretraining overlap.
official_secondary_comparator,Phikon-v2 Table 2,CTransPath/HER2/BCNB,CTransPath,ctranspath,official GitHub checkpoint; exact file revision not reported,phikon_v2_external,HER2 on BCNB,ctranspath.phikonv2.t2.her2.bcnb.auroc,her2.bcnb.auroc,auroc,0.678,fraction,"median over 10,000 bootstrap repetitions",slide,1.0 µm/px,CTransPath mean-token features with ABMIL,external-cohort ABMIL evaluation,public,https://arxiv.org/abs/2409.09173v1,arXiv 2409.09173v1|Table 2|CTransPath,arXiv v1,52e26d832d27a6d51ce2b68da462f6a6ad851236fc1efafb9b1258359fc6b633,secondary_only_excluded,Comparator value was not reported by the CTransPath authors; PAIP is additionally flagged for pretraining overlap.
official_secondary_comparator,Phikon-v2 Table 2,CTransPath/HER2/HEROHE,CTransPath,ctranspath,official GitHub checkpoint; exact file revision not reported,phikon_v2_external,HER2 on HEROHE,ctranspath.phikonv2.t2.her2.herohe.auroc,her2.herohe.auroc,auroc,0.723,fraction,"median over 10,000 bootstrap repetitions",slide,1.0 µm/px,CTransPath mean-token features with ABMIL,external-cohort ABMIL evaluation,public,https://arxiv.org/abs/2409.09173v1,arXiv 2409.09173v1|Table 2|CTransPath,arXiv v1,52e26d832d27a6d51ce2b68da462f6a6ad851236fc1efafb9b1258359fc6b633,secondary_only_excluded,Comparator value was not reported by the CTransPath authors; PAIP is additionally flagged for pretraining overlap.
official_secondary_comparator,Phikon-v2 Table 2,CTransPath/IDH1/EBRAINS,CTransPath,ctranspath,official GitHub checkpoint; exact file revision not reported,phikon_v2_external,IDH1 on EBRAINS,ctranspath.phikonv2.t2.idh1.ebrains.auroc,idh1.ebrains.auroc,auroc,0.895,fraction,"median over 10,000 bootstrap repetitions",slide,1.0 µm/px,CTransPath mean-token features with ABMIL,external-cohort ABMIL evaluation,public,https://arxiv.org/abs/2409.09173v1,arXiv 2409.09173v1|Table 2|CTransPath,arXiv v1,52e26d832d27a6d51ce2b68da462f6a6ad851236fc1efafb9b1258359fc6b633,secondary_only_excluded,Comparator value was not reported by the CTransPath authors; PAIP is additionally flagged for pretraining overlap.
official_secondary_comparator,Phikon-v2 Table 2,CTransPath/ISUP/PANDA,CTransPath,ctranspath,official GitHub checkpoint; exact file revision not reported,phikon_v2_external,ISUP on PANDA,ctranspath.phikonv2.t2.isup.panda.auroc,isup.panda.auroc,auroc,0.923,fraction,"median over 10,000 bootstrap repetitions",slide,1.0 µm/px,CTransPath mean-token features with ABMIL,external-cohort ABMIL evaluation,public,https://arxiv.org/abs/2409.09173v1,arXiv 2409.09173v1|Table 2|CTransPath,arXiv v1,52e26d832d27a6d51ce2b68da462f6a6ad851236fc1efafb9b1258359fc6b633,secondary_only_excluded,Comparator value was not reported by the CTransPath authors; PAIP is additionally flagged for pretraining overlap.
official_secondary_comparator,Phikon-v2 Table 2,CTransPath/metastasis/Camelyon16,CTransPath,ctranspath,official GitHub checkpoint; exact file revision not reported,phikon_v2_external,metastasis on Camelyon16,ctranspath.phikonv2.t2.metastasis.camelyon16.auroc,metastasis.camelyon16.auroc,auroc,0.896,fraction,"median over 10,000 bootstrap repetitions",slide,1.0 µm/px,CTransPath mean-token features with ABMIL,external-cohort ABMIL evaluation,public,https://arxiv.org/abs/2409.09173v1,arXiv 2409.09173v1|Table 2|CTransPath,arXiv v1,52e26d832d27a6d51ce2b68da462f6a6ad851236fc1efafb9b1258359fc6b633,secondary_only_excluded,Comparator value was not reported by the CTransPath authors; PAIP is additionally flagged for pretraining overlap.
official_secondary_comparator,Phikon-v2 Table 2,CTransPath/MSI/Cy1,CTransPath,ctranspath,official GitHub checkpoint; exact file revision not reported,phikon_v2_external,MSI on Cy1,ctranspath.phikonv2.t2.msi.cy1.auroc,msi.cy1.auroc,auroc,0.838,fraction,"median over 10,000 bootstrap repetitions",slide,1.0 µm/px,CTransPath mean-token features with ABMIL,external-cohort ABMIL evaluation,public,https://arxiv.org/abs/2409.09173v1,arXiv 2409.09173v1|Table 2|CTransPath,arXiv v1,52e26d832d27a6d51ce2b68da462f6a6ad851236fc1efafb9b1258359fc6b633,secondary_only_excluded,Comparator value was not reported by the CTransPath authors; PAIP is additionally flagged for pretraining overlap.
official_secondary_comparator,Phikon-v2 Table 2,CTransPath/MSI/PAIP,CTransPath,ctranspath,official GitHub checkpoint; exact file revision not reported,phikon_v2_external,MSI on PAIP,ctranspath.phikonv2.t2.msi.paip.auroc,msi.paip.auroc,auroc,0.977,fraction,"median over 10,000 bootstrap repetitions",slide,1.0 µm/px,CTransPath mean-token features with ABMIL,external-cohort ABMIL evaluation,public,https://arxiv.org/abs/2409.09173v1,arXiv 2409.09173v1|Table 2|CTransPath,arXiv v1,52e26d832d27a6d51ce2b68da462f6a6ad851236fc1efafb9b1258359fc6b633,secondary_only_excluded,Comparator value was not reported by the CTransPath authors; PAIP is additionally flagged for pretraining overlap.
official_secondary_comparator,Phikon-v2 Table 2,CTransPath/RCC subtype/DHMC,CTransPath,ctranspath,official GitHub checkpoint; exact file revision not reported,phikon_v2_external,RCC subtype on DHMC,ctranspath.phikonv2.t2.rcc_subtype.dhmc.auroc,rcc_subtype.dhmc.auroc,auroc,0.996,fraction,"median over 10,000 bootstrap repetitions",slide,1.0 µm/px,CTransPath mean-token features with ABMIL,external-cohort ABMIL evaluation,public,https://arxiv.org/abs/2409.09173v1,arXiv 2409.09173v1|Table 2|CTransPath,arXiv v1,52e26d832d27a6d51ce2b68da462f6a6ad851236fc1efafb9b1258359fc6b633,secondary_only_excluded,Comparator value was not reported by the CTransPath authors; PAIP is additionally flagged for pretraining overlap.
official_secondary_comparator,Phikon Supplementary Table F1,CTransPath/Camelyon16 Meta,CTransPath,ctranspath,official GitHub checkpoint; exact file revision not reported,phikon_primary,Camelyon16 Meta,ctranspath.phikon2024.f1.camelyon16_meta,camelyon16_meta,auroc,0.939,fraction,5-fold nested CV dispersion retained in source snapshot,slide,20x / source checkpoint recipe,CTransPath frozen features,ABMIL; 5x5 nested CV,public,https://www.medrxiv.org/content/10.1101/2023.07.21.23292757v3,MedRxiv supplement|Table F1|CTransPath,official supplement asset,dd73798e6b34e317a205bec036318388d60c33da3af4326690f51ca357b96faa,secondary_only_excluded,Secondary comparator evidence only.
official_secondary_comparator,Phikon Supplementary Table F1,CTransPath/TCGA-BRCA Hist,CTransPath,ctranspath,official GitHub checkpoint; exact file revision not reported,phikon_primary,TCGA-BRCA Hist,ctranspath.phikon2024.f1.tcga-brca_hist,tcga-brca_hist,auroc,0.954,fraction,5-fold nested CV dispersion retained in source snapshot,slide,20x / source checkpoint recipe,CTransPath frozen features,ABMIL; 5x5 nested CV,public,https://www.medrxiv.org/content/10.1101/2023.07.21.23292757v3,MedRxiv supplement|Table F1|CTransPath,official supplement asset,dd73798e6b34e317a205bec036318388d60c33da3af4326690f51ca357b96faa,secondary_only_excluded,Secondary comparator evidence only.
official_secondary_comparator,Phikon Supplementary Table F1,CTransPath/TCGA-BRCA HRD,CTransPath,ctranspath,official GitHub checkpoint; exact file revision not reported,phikon_primary,TCGA-BRCA HRD,ctranspath.phikon2024.f1.tcga-brca_hrd,tcga-brca_hrd,auroc,0.768,fraction,5-fold nested CV dispersion retained in source snapshot,slide,20x / source checkpoint recipe,CTransPath frozen features,ABMIL; 5x5 nested CV,public,https://www.medrxiv.org/content/10.1101/2023.07.21.23292757v3,MedRxiv supplement|Table F1|CTransPath,official supplement asset,dd73798e6b34e317a205bec036318388d60c33da3af4326690f51ca357b96faa,secondary_only_excluded,Secondary comparator evidence only.
official_secondary_comparator,Phikon Supplementary Table F1,CTransPath/TCGA-BRCA Mol,CTransPath,ctranspath,official GitHub checkpoint; exact file revision not reported,phikon_primary,TCGA-BRCA Mol,ctranspath.phikon2024.f1.tcga-brca_mol,tcga-brca_mol,auroc,0.808,fraction,5-fold nested CV dispersion retained in source snapshot,slide,20x / source checkpoint recipe,CTransPath frozen features,ABMIL; 5x5 nested CV,public,https://www.medrxiv.org/content/10.1101/2023.07.21.23292757v3,MedRxiv supplement|Table F1|CTransPath,official supplement asset,dd73798e6b34e317a205bec036318388d60c33da3af4326690f51ca357b96faa,secondary_only_excluded,Secondary comparator evidence only.
official_secondary_comparator,Phikon Supplementary Table F1,CTransPath/TCGA-BRCA OS,CTransPath,ctranspath,official GitHub checkpoint; exact file revision not reported,phikon_primary,TCGA-BRCA OS,ctranspath.phikon2024.f1.tcga-brca_os,tcga-brca_os,c_index,0.650,fraction,5-fold nested CV dispersion retained in source snapshot,slide,20x / source checkpoint recipe,CTransPath frozen features,ABMIL; 5x5 nested CV,public,https://www.medrxiv.org/content/10.1101/2023.07.21.23292757v3,MedRxiv supplement|Table F1|CTransPath,official supplement asset,dd73798e6b34e317a205bec036318388d60c33da3af4326690f51ca357b96faa,secondary_only_excluded,Secondary comparator evidence only.
official_secondary_comparator,Phikon Supplementary Table F1,CTransPath/TCGA-CRC MSI,CTransPath,ctranspath,official GitHub checkpoint; exact file revision not reported,phikon_primary,TCGA-CRC MSI,ctranspath.phikon2024.f1.tcga-crc_msi,tcga-crc_msi,auroc,0.881,fraction,5-fold nested CV dispersion retained in source snapshot,slide,20x / source checkpoint recipe,CTransPath frozen features,ABMIL; 5x5 nested CV,public,https://www.medrxiv.org/content/10.1101/2023.07.21.23292757v3,MedRxiv supplement|Table F1|CTransPath,official supplement asset,dd73798e6b34e317a205bec036318388d60c33da3af4326690f51ca357b96faa,secondary_only_excluded,Secondary comparator evidence only.
official_secondary_comparator,Phikon Supplementary Table F1,CTransPath/TCGA-COAD OS,CTransPath,ctranspath,official GitHub checkpoint; exact file revision not reported,phikon_primary,TCGA-COAD OS,ctranspath.phikon2024.f1.tcga-coad_os,tcga-coad_os,c_index,0.601,fraction,5-fold nested CV dispersion retained in source snapshot,slide,20x / source checkpoint recipe,CTransPath frozen features,ABMIL; 5x5 nested CV,public,https://www.medrxiv.org/content/10.1101/2023.07.21.23292757v3,MedRxiv supplement|Table F1|CTransPath,official supplement asset,dd73798e6b34e317a205bec036318388d60c33da3af4326690f51ca357b96faa,secondary_only_excluded,Secondary comparator evidence only.
official_secondary_comparator,Phikon Supplementary Table F1,CTransPath/TCGA-NSCLC CType,CTransPath,ctranspath,official GitHub checkpoint; exact file revision not reported,phikon_primary,TCGA-NSCLC CType,ctranspath.phikon2024.f1.tcga-nsclc_ctype,tcga-nsclc_ctype,auroc,0.973,fraction,5-fold nested CV dispersion retained in source snapshot,slide,20x / source checkpoint recipe,CTransPath frozen features,ABMIL; 5x5 nested CV,public,https://www.medrxiv.org/content/10.1101/2023.07.21.23292757v3,MedRxiv supplement|Table F1|CTransPath,official supplement asset,dd73798e6b34e317a205bec036318388d60c33da3af4326690f51ca357b96faa,secondary_only_excluded,Secondary comparator evidence only.
official_secondary_comparator,Phikon Supplementary Table F1,CTransPath/TCGA-LUAD OS,CTransPath,ctranspath,official GitHub checkpoint; exact file revision not reported,phikon_primary,TCGA-LUAD OS,ctranspath.phikon2024.f1.tcga-luad_os,tcga-luad_os,c_index,0.581,fraction,5-fold nested CV dispersion retained in source snapshot,slide,20x / source checkpoint recipe,CTransPath frozen features,ABMIL; 5x5 nested CV,public,https://www.medrxiv.org/content/10.1101/2023.07.21.23292757v3,MedRxiv supplement|Table F1|CTransPath,official supplement asset,dd73798e6b34e317a205bec036318388d60c33da3af4326690f51ca357b96faa,secondary_only_excluded,Secondary comparator evidence only.
official_secondary_comparator,Phikon Supplementary Table F1,CTransPath/TCGA-LUSC OS,CTransPath,ctranspath,official GitHub checkpoint; exact file revision not reported,phikon_primary,TCGA-LUSC OS,ctranspath.phikon2024.f1.tcga-lusc_os,tcga-lusc_os,c_index,0.605,fraction,5-fold nested CV dispersion retained in source snapshot,slide,20x / source checkpoint recipe,CTransPath frozen features,ABMIL; 5x5 nested CV,public,https://www.medrxiv.org/content/10.1101/2023.07.21.23292757v3,MedRxiv supplement|Table F1|CTransPath,official supplement asset,dd73798e6b34e317a205bec036318388d60c33da3af4326690f51ca357b96faa,secondary_only_excluded,Secondary comparator evidence only.
official_secondary_comparator,Phikon Supplementary Table F1,CTransPath/TCGA-OV HRD,CTransPath,ctranspath,official GitHub checkpoint; exact file revision not reported,phikon_primary,TCGA-OV HRD,ctranspath.phikon2024.f1.tcga-ov_hrd,tcga-ov_hrd,auroc,0.685,fraction,5-fold nested CV dispersion retained in source snapshot,slide,20x / source checkpoint recipe,CTransPath frozen features,ABMIL; 5x5 nested CV,public,https://www.medrxiv.org/content/10.1101/2023.07.21.23292757v3,MedRxiv supplement|Table F1|CTransPath,official supplement asset,dd73798e6b34e317a205bec036318388d60c33da3af4326690f51ca357b96faa,secondary_only_excluded,Secondary comparator evidence only.
official_secondary_comparator,Phikon Supplementary Table F1,CTransPath/TCGA-RCC CType,CTransPath,ctranspath,official GitHub checkpoint; exact file revision not reported,phikon_primary,TCGA-RCC CType,ctranspath.phikon2024.f1.tcga-rcc_ctype,tcga-rcc_ctype,auroc,0.987,fraction,5-fold nested CV dispersion retained in source snapshot,slide,20x / source checkpoint recipe,CTransPath frozen features,ABMIL; 5x5 nested CV,public,https://www.medrxiv.org/content/10.1101/2023.07.21.23292757v3,MedRxiv supplement|Table F1|CTransPath,official supplement asset,dd73798e6b34e317a205bec036318388d60c33da3af4326690f51ca357b96faa,secondary_only_excluded,Secondary comparator evidence only.
official_secondary_comparator,Phikon Supplementary Table F1,CTransPath/TCGA-STAD MSI,CTransPath,ctranspath,official GitHub checkpoint; exact file revision not reported,phikon_primary,TCGA-STAD MSI,ctranspath.phikon2024.f1.tcga-stad_msi,tcga-stad_msi,auroc,0.832,fraction,5-fold nested CV dispersion retained in source snapshot,slide,20x / source checkpoint recipe,CTransPath frozen features,ABMIL; 5x5 nested CV,public,https://www.medrxiv.org/content/10.1101/2023.07.21.23292757v3,MedRxiv supplement|Table F1|CTransPath,official supplement asset,dd73798e6b34e317a205bec036318388d60c33da3af4326690f51ca357b96faa,secondary_only_excluded,Secondary comparator evidence only.
official_secondary_comparator,Phikon Supplementary Table F1,CTransPath/TCGA-PAAD OS,CTransPath,ctranspath,official GitHub checkpoint; exact file revision not reported,phikon_primary,TCGA-PAAD OS,ctranspath.phikon2024.f1.tcga-paad_os,tcga-paad_os,c_index,0.570,fraction,5-fold nested CV dispersion retained in source snapshot,slide,20x / source checkpoint recipe,CTransPath frozen features,ABMIL; 5x5 nested CV,public,https://www.medrxiv.org/content/10.1101/2023.07.21.23292757v3,MedRxiv supplement|Table F1|CTransPath,official supplement asset,dd73798e6b34e317a205bec036318388d60c33da3af4326690f51ca357b96faa,secondary_only_excluded,Secondary comparator evidence only.
official_secondary_comparator,Phikon Supplementary Table G4,CTransPath/Adipose,CTransPath,ctranspath,official GitHub checkpoint; exact file revision not reported,phikon_primary,Adipose,ctranspath.phikon2024.g4.adipose.auroc,adipose.auroc,auroc,1.000,fraction,95% bootstrap CI reported for aggregate endpoints only,tile,20x / 1.0 µm/px extraction,CTransPath frozen features,ensemble of 30 linear classifiers; full training set,public,https://www.medrxiv.org/content/10.1101/2023.07.21.23292757v3,MedRxiv supplement|Table G4|CTransPath,official supplement asset,dd73798e6b34e317a205bec036318388d60c33da3af4326690f51ca357b96faa,secondary_only_excluded,Secondary comparator evidence only; original publisher tables were not accessible as a first-party machine-readable artifact.
official_secondary_comparator,Phikon Supplementary Table G4,CTransPath/Debris,CTransPath,ctranspath,official GitHub checkpoint; exact file revision not reported,phikon_primary,Debris,ctranspath.phikon2024.g4.debris.auroc,debris.auroc,auroc,0.971,fraction,95% bootstrap CI reported for aggregate endpoints only,tile,20x / 1.0 µm/px extraction,CTransPath frozen features,ensemble of 30 linear classifiers; full training set,public,https://www.medrxiv.org/content/10.1101/2023.07.21.23292757v3,MedRxiv supplement|Table G4|CTransPath,official supplement asset,dd73798e6b34e317a205bec036318388d60c33da3af4326690f51ca357b96faa,secondary_only_excluded,Secondary comparator evidence only; original publisher tables were not accessible as a first-party machine-readable artifact.
official_secondary_comparator,Phikon Supplementary Table G4,CTransPath/Lymphocytes,CTransPath,ctranspath,official GitHub checkpoint; exact file revision not reported,phikon_primary,Lymphocytes,ctranspath.phikon2024.g4.lymphocytes.auroc,lymphocytes.auroc,auroc,1.000,fraction,95% bootstrap CI reported for aggregate endpoints only,tile,20x / 1.0 µm/px extraction,CTransPath frozen features,ensemble of 30 linear classifiers; full training set,public,https://www.medrxiv.org/content/10.1101/2023.07.21.23292757v3,MedRxiv supplement|Table G4|CTransPath,official supplement asset,dd73798e6b34e317a205bec036318388d60c33da3af4326690f51ca357b96faa,secondary_only_excluded,Secondary comparator evidence only; original publisher tables were not accessible as a first-party machine-readable artifact.
official_secondary_comparator,Phikon Supplementary Table G4,CTransPath/Mucus,CTransPath,ctranspath,official GitHub checkpoint; exact file revision not reported,phikon_primary,Mucus,ctranspath.phikon2024.g4.mucus.auroc,mucus.auroc,auroc,0.999,fraction,95% bootstrap CI reported for aggregate endpoints only,tile,20x / 1.0 µm/px extraction,CTransPath frozen features,ensemble of 30 linear classifiers; full training set,public,https://www.medrxiv.org/content/10.1101/2023.07.21.23292757v3,MedRxiv supplement|Table G4|CTransPath,official supplement asset,dd73798e6b34e317a205bec036318388d60c33da3af4326690f51ca357b96faa,secondary_only_excluded,Secondary comparator evidence only; original publisher tables were not accessible as a first-party machine-readable artifact.
official_secondary_comparator,Phikon Supplementary Table G4,CTransPath/Muscle,CTransPath,ctranspath,official GitHub checkpoint; exact file revision not reported,phikon_primary,Muscle,ctranspath.phikon2024.g4.muscle.auroc,muscle.auroc,auroc,0.969,fraction,95% bootstrap CI reported for aggregate endpoints only,tile,20x / 1.0 µm/px extraction,CTransPath frozen features,ensemble of 30 linear classifiers; full training set,public,https://www.medrxiv.org/content/10.1101/2023.07.21.23292757v3,MedRxiv supplement|Table G4|CTransPath,official supplement asset,dd73798e6b34e317a205bec036318388d60c33da3af4326690f51ca357b96faa,secondary_only_excluded,Secondary comparator evidence only; original publisher tables were not accessible as a first-party machine-readable artifact.
official_secondary_comparator,Phikon Supplementary Table G4,CTransPath/Normal,CTransPath,ctranspath,official GitHub checkpoint; exact file revision not reported,phikon_primary,Normal,ctranspath.phikon2024.g4.normal.auroc,normal.auroc,auroc,0.999,fraction,95% bootstrap CI reported for aggregate endpoints only,tile,20x / 1.0 µm/px extraction,CTransPath frozen features,ensemble of 30 linear classifiers; full training set,public,https://www.medrxiv.org/content/10.1101/2023.07.21.23292757v3,MedRxiv supplement|Table G4|CTransPath,official supplement asset,dd73798e6b34e317a205bec036318388d60c33da3af4326690f51ca357b96faa,secondary_only_excluded,Secondary comparator evidence only; original publisher tables were not accessible as a first-party machine-readable artifact.
official_secondary_comparator,Phikon Supplementary Table G4,CTransPath/Stroma,CTransPath,ctranspath,official GitHub checkpoint; exact file revision not reported,phikon_primary,Stroma,ctranspath.phikon2024.g4.stroma.auroc,stroma.auroc,auroc,0.939,fraction,95% bootstrap CI reported for aggregate endpoints only,tile,20x / 1.0 µm/px extraction,CTransPath frozen features,ensemble of 30 linear classifiers; full training set,public,https://www.medrxiv.org/content/10.1101/2023.07.21.23292757v3,MedRxiv supplement|Table G4|CTransPath,official supplement asset,dd73798e6b34e317a205bec036318388d60c33da3af4326690f51ca357b96faa,secondary_only_excluded,Secondary comparator evidence only; original publisher tables were not accessible as a first-party machine-readable artifact.
official_secondary_comparator,Phikon Supplementary Table G4,CTransPath/Tumor,CTransPath,ctranspath,official GitHub checkpoint; exact file revision not reported,phikon_primary,Tumor,ctranspath.phikon2024.g4.tumor.auroc,tumor.auroc,auroc,0.997,fraction,95% bootstrap CI reported for aggregate endpoints only,tile,20x / 1.0 µm/px extraction,CTransPath frozen features,ensemble of 30 linear classifiers; full training set,public,https://www.medrxiv.org/content/10.1101/2023.07.21.23292757v3,MedRxiv supplement|Table G4|CTransPath,official supplement asset,dd73798e6b34e317a205bec036318388d60c33da3af4326690f51ca357b96faa,secondary_only_excluded,Secondary comparator evidence only; original publisher tables were not accessible as a first-party machine-readable artifact.
official_secondary_comparator,Phikon Supplementary Table G4,CTransPath/All,CTransPath,ctranspath,official GitHub checkpoint; exact file revision not reported,phikon_primary,All,ctranspath.phikon2024.g4.all.auroc,all.auroc,auroc,0.984,fraction,95% bootstrap CI reported for aggregate endpoints only,tile,20x / 1.0 µm/px extraction,CTransPath frozen features,ensemble of 30 linear classifiers; full training set,public,https://www.medrxiv.org/content/10.1101/2023.07.21.23292757v3,MedRxiv supplement|Table G4|CTransPath,official supplement asset,dd73798e6b34e317a205bec036318388d60c33da3af4326690f51ca357b96faa,secondary_only_excluded,Secondary comparator evidence only; original publisher tables were not accessible as a first-party machine-readable artifact.
official_secondary_comparator,Phikon Supplementary Table G4,CTransPath/Camelyon17 metastases,CTransPath,ctranspath,official GitHub checkpoint; exact file revision not reported,phikon_primary,Camelyon17 metastases,ctranspath.phikon2024.g4.camelyon17_metastases.auroc,camelyon17_metastases.auroc,auroc,0.983,fraction,95% bootstrap CI reported for aggregate endpoints only,tile,20x / 1.0 µm/px extraction,CTransPath frozen features,ensemble of 30 linear classifiers; full training set,public,https://www.medrxiv.org/content/10.1101/2023.07.21.23292757v3,MedRxiv supplement|Table G4|CTransPath,official supplement asset,dd73798e6b34e317a205bec036318388d60c33da3af4326690f51ca357b96faa,secondary_only_excluded,Secondary comparator evidence only; original publisher tables were not accessible as a first-party machine-readable artifact.
official_secondary_comparator,Phikon Supplementary Table F2,CTransPath/TCGA-CRC to PAIP,CTransPath,ctranspath,official GitHub checkpoint; exact file revision not reported,phikon_primary,MSI: TCGA-CRC train to PAIP external,ctranspath.phikon2024.f2.tcga_crc_to_paip.abmil.auroc,msi.paip.auroc,auroc,0.884,fraction,"95% CI [0.782, 1.000]",slide,20x / 1.0 µm/px extraction,CTransPath frozen features,ABMIL trained on TCGA-CRC; PAIP external validation,public,https://www.medrxiv.org/content/10.1101/2023.07.21.23292757v3,MedRxiv supplement|Table F2|CTransPath,official supplement asset,dd73798e6b34e317a205bec036318388d60c33da3af4326690f51ca357b96faa,secondary_only_excluded,Secondary comparator evidence only.
official_secondary_comparator,CONCH Supplementary Data Table 18,CTransPath/0/quadratic_weighted_kappa,CTransPath,ctranspath,CTransPath comparator checkpoint; exact file revision not reported,conch_primary,"Supplementary Data Table 18: Supervised classification on SICAP (n = 2, 122) in terms of quadratic weighted Cohen’s κ, balanced accuracy, and weighted F1 score",ctranspath.conch2024.t18.0.quadratic_weighted_kappa,"supplementary_data_table_18:_supervised_classification_on_sicap_(n_=_2,_122)_in_terms_of_quadratic_weighted_cohen’s_κ,_balanced_accuracy,_and_weighted_f1_score.quadratic_weighted_kappa",quadratic_weighted_kappa,0.835,fraction,"95% CI [0.817, 0.851]",tile,source-defined,CTransPath frozen features,supervised frozen-feature evaluation,public,https://www.nature.com/articles/s41591-024-02856-4,CONCH Supplementary Information|Table 18|CTransPath,Nature Medicine 2024 supplementary PDF,4940cf23c1f341791fd16db84e6f22a83d90d1c67657c26cb118ad8fcbbef457,secondary_only_excluded,Secondary comparator evidence only.
official_secondary_comparator,CONCH Supplementary Data Table 18,CTransPath/0/balanced_accuracy,CTransPath,ctranspath,CTransPath comparator checkpoint; exact file revision not reported,conch_primary,"Supplementary Data Table 18: Supervised classification on SICAP (n = 2, 122) in terms of quadratic weighted Cohen’s κ, balanced accuracy, and weighted F1 score",ctranspath.conch2024.t18.0.balanced_accuracy,"supplementary_data_table_18:_supervised_classification_on_sicap_(n_=_2,_122)_in_terms_of_quadratic_weighted_cohen’s_κ,_balanced_accuracy,_and_weighted_f1_score.balanced_accuracy",balanced_accuracy,0.678,fraction,"95% CI [0.658, 0.700]",tile,source-defined,CTransPath frozen features,supervised frozen-feature evaluation,public,https://www.nature.com/articles/s41591-024-02856-4,CONCH Supplementary Information|Table 18|CTransPath,Nature Medicine 2024 supplementary PDF,4940cf23c1f341791fd16db84e6f22a83d90d1c67657c26cb118ad8fcbbef457,secondary_only_excluded,Secondary comparator evidence only.
official_secondary_comparator,CONCH Supplementary Data Table 18,CTransPath/0/weighted_f1,CTransPath,ctranspath,CTransPath comparator checkpoint; exact file revision not reported,conch_primary,"Supplementary Data Table 18: Supervised classification on SICAP (n = 2, 122) in terms of quadratic weighted Cohen’s κ, balanced accuracy, and weighted F1 score",ctranspath.conch2024.t18.0.weighted_f1,"supplementary_data_table_18:_supervised_classification_on_sicap_(n_=_2,_122)_in_terms_of_quadratic_weighted_cohen’s_κ,_balanced_accuracy,_and_weighted_f1_score.weighted_f1",weighted_f1,0.747,fraction,"95% CI [0.728, 0.766]",tile,source-defined,CTransPath frozen features,supervised frozen-feature evaluation,public,https://www.nature.com/articles/s41591-024-02856-4,CONCH Supplementary Information|Table 18|CTransPath,Nature Medicine 2024 supplementary PDF,4940cf23c1f341791fd16db84e6f22a83d90d1c67657c26cb118ad8fcbbef457,secondary_only_excluded,Secondary comparator evidence only.
official_secondary_comparator,CONCH Supplementary Data Table 19,CTransPath/0/cohen_kappa,CTransPath,ctranspath,CTransPath comparator checkpoint; exact file revision not reported,conch_primary,"Supplementary Data Table 19: Supervised classification on CRC100k (n = 7, 180) in terms of balanced accuracy, weighted F1 score, and ROC AUC",ctranspath.conch2024.t19.0.cohen_kappa,"supplementary_data_table_19:_supervised_classification_on_crc100k_(n_=_7,_180)_in_terms_of_balanced_accuracy,_weighted_f1_score,_and_roc_auc.cohen_kappa",cohen_kappa,0.938,fraction,"95% CI [0.932, 0.944]",tile,source-defined,CTransPath frozen features,supervised frozen-feature evaluation,public,https://www.nature.com/articles/s41591-024-02856-4,CONCH Supplementary Information|Table 19|CTransPath,Nature Medicine 2024 supplementary PDF,4940cf23c1f341791fd16db84e6f22a83d90d1c67657c26cb118ad8fcbbef457,secondary_only_excluded,Secondary comparator evidence only.
official_secondary_comparator,CONCH Supplementary Data Table 19,CTransPath/0/balanced_accuracy,CTransPath,ctranspath,CTransPath comparator checkpoint; exact file revision not reported,conch_primary,"Supplementary Data Table 19: Supervised classification on CRC100k (n = 7, 180) in terms of balanced accuracy, weighted F1 score, and ROC AUC",ctranspath.conch2024.t19.0.balanced_accuracy,"supplementary_data_table_19:_supervised_classification_on_crc100k_(n_=_7,_180)_in_terms_of_balanced_accuracy,_weighted_f1_score,_and_roc_auc.balanced_accuracy",balanced_accuracy,0.950,fraction,"95% CI [0.945, 0.955]",tile,source-defined,CTransPath frozen features,supervised frozen-feature evaluation,public,https://www.nature.com/articles/s41591-024-02856-4,CONCH Supplementary Information|Table 19|CTransPath,Nature Medicine 2024 supplementary PDF,4940cf23c1f341791fd16db84e6f22a83d90d1c67657c26cb118ad8fcbbef457,secondary_only_excluded,Secondary comparator evidence only.
official_secondary_comparator,CONCH Supplementary Data Table 19,CTransPath/0/weighted_f1,CTransPath,ctranspath,CTransPath comparator checkpoint; exact file revision not reported,conch_primary,"Supplementary Data Table 19: Supervised classification on CRC100k (n = 7, 180) in terms of balanced accuracy, weighted F1 score, and ROC AUC",ctranspath.conch2024.t19.0.weighted_f1,"supplementary_data_table_19:_supervised_classification_on_crc100k_(n_=_7,_180)_in_terms_of_balanced_accuracy,_weighted_f1_score,_and_roc_auc.weighted_f1",weighted_f1,0.994,fraction,"95% CI [0.993, 0.995]",tile,source-defined,CTransPath frozen features,supervised frozen-feature evaluation,public,https://www.nature.com/articles/s41591-024-02856-4,CONCH Supplementary Information|Table 19|CTransPath,Nature Medicine 2024 supplementary PDF,4940cf23c1f341791fd16db84e6f22a83d90d1c67657c26cb118ad8fcbbef457,secondary_only_excluded,Secondary comparator evidence only.
official_secondary_comparator,CONCH Supplementary Data Table 31,CTransPath/100pct/quadratic_weighted_kappa,CTransPath,ctranspath,CTransPath comparator checkpoint; exact file revision not reported,conch_primary,"Supplementary Data Table 31: End-to-end finetuned classification result on Gleason grading (AGGC + PANDA + SICAP) (n = 29, 039) in terms of quadratic weighted Cohen’s κ, balanced accuracy, and weighted F1 score",ctranspath.conch2024.t31.100pct.quadratic_weighted_kappa,"supplementary_data_table_31:_end-to-end_finetuned_classification_result_on_gleason_grading_(aggc_+_panda_+_sicap)_(n_=_29,_039)_in_terms_of_quadratic_weighted_cohen’s_κ,_balanced_accuracy,_and_weighted_f1_score.quadratic_weighted_kappa",quadratic_weighted_kappa,0.813,fraction,"95% CI [0.807, 0.818]",slide,source-defined,end-to-end task-finetuned CTransPath,end-to-end fine-tuning; 100% labels,public,https://www.nature.com/articles/s41591-024-02856-4,CONCH Supplementary Information|Table 31|CTransPath,Nature Medicine 2024 supplementary PDF,4940cf23c1f341791fd16db84e6f22a83d90d1c67657c26cb118ad8fcbbef457,secondary_only_excluded,Secondary comparator evidence only; Table 31 is additionally task-finetuned.
official_secondary_comparator,CONCH Supplementary Data Table 31,CTransPath/100pct/balanced_accuracy,CTransPath,ctranspath,CTransPath comparator checkpoint; exact file revision not reported,conch_primary,"Supplementary Data Table 31: End-to-end finetuned classification result on Gleason grading (AGGC + PANDA + SICAP) (n = 29, 039) in terms of quadratic weighted Cohen’s κ, balanced accuracy, and weighted F1 score",ctranspath.conch2024.t31.100pct.balanced_accuracy,"supplementary_data_table_31:_end-to-end_finetuned_classification_result_on_gleason_grading_(aggc_+_panda_+_sicap)_(n_=_29,_039)_in_terms_of_quadratic_weighted_cohen’s_κ,_balanced_accuracy,_and_weighted_f1_score.balanced_accuracy",balanced_accuracy,0.690,fraction,"95% CI [0.683, 0.697]",slide,source-defined,end-to-end task-finetuned CTransPath,end-to-end fine-tuning; 100% labels,public,https://www.nature.com/articles/s41591-024-02856-4,CONCH Supplementary Information|Table 31|CTransPath,Nature Medicine 2024 supplementary PDF,4940cf23c1f341791fd16db84e6f22a83d90d1c67657c26cb118ad8fcbbef457,secondary_only_excluded,Secondary comparator evidence only; Table 31 is additionally task-finetuned.
official_secondary_comparator,CONCH Supplementary Data Table 31,CTransPath/100pct/weighted_f1,CTransPath,ctranspath,CTransPath comparator checkpoint; exact file revision not reported,conch_primary,"Supplementary Data Table 31: End-to-end finetuned classification result on Gleason grading (AGGC + PANDA + SICAP) (n = 29, 039) in terms of quadratic weighted Cohen’s κ, balanced accuracy, and weighted F1 score",ctranspath.conch2024.t31.100pct.weighted_f1,"supplementary_data_table_31:_end-to-end_finetuned_classification_result_on_gleason_grading_(aggc_+_panda_+_sicap)_(n_=_29,_039)_in_terms_of_quadratic_weighted_cohen’s_κ,_balanced_accuracy,_and_weighted_f1_score.weighted_f1",weighted_f1,0.786,fraction,"95% CI [0.781, 0.791]",slide,source-defined,end-to-end task-finetuned CTransPath,end-to-end fine-tuning; 100% labels,public,https://www.nature.com/articles/s41591-024-02856-4,CONCH Supplementary Information|Table 31|CTransPath,Nature Medicine 2024 supplementary PDF,4940cf23c1f341791fd16db84e6f22a83d90d1c67657c26cb118ad8fcbbef457,secondary_only_excluded,Secondary comparator evidence only; Table 31 is additionally task-finetuned.
official_secondary_comparator,CONCH Supplementary Data Table 31,CTransPath/10pct/quadratic_weighted_kappa,CTransPath,ctranspath,CTransPath comparator checkpoint; exact file revision not reported,conch_primary,"Supplementary Data Table 31: End-to-end finetuned classification result on Gleason grading (AGGC + PANDA + SICAP) (n = 29, 039) in terms of quadratic weighted Cohen’s κ, balanced accuracy, and weighted F1 score",ctranspath.conch2024.t31.10pct.quadratic_weighted_kappa,"supplementary_data_table_31:_end-to-end_finetuned_classification_result_on_gleason_grading_(aggc_+_panda_+_sicap)_(n_=_29,_039)_in_terms_of_quadratic_weighted_cohen’s_κ,_balanced_accuracy,_and_weighted_f1_score.quadratic_weighted_kappa",quadratic_weighted_kappa,0.722,fraction,"95% CI [0.715, 0.729]",slide,source-defined,end-to-end task-finetuned CTransPath,end-to-end fine-tuning; 10% labels,public,https://www.nature.com/articles/s41591-024-02856-4,CONCH Supplementary Information|Table 31|CTransPath,Nature Medicine 2024 supplementary PDF,4940cf23c1f341791fd16db84e6f22a83d90d1c67657c26cb118ad8fcbbef457,secondary_only_excluded,Secondary comparator evidence only; Table 31 is additionally task-finetuned.
official_secondary_comparator,CONCH Supplementary Data Table 31,CTransPath/10pct/balanced_accuracy,CTransPath,ctranspath,CTransPath comparator checkpoint; exact file revision not reported,conch_primary,"Supplementary Data Table 31: End-to-end finetuned classification result on Gleason grading (AGGC + PANDA + SICAP) (n = 29, 039) in terms of quadratic weighted Cohen’s κ, balanced accuracy, and weighted F1 score",ctranspath.conch2024.t31.10pct.balanced_accuracy,"supplementary_data_table_31:_end-to-end_finetuned_classification_result_on_gleason_grading_(aggc_+_panda_+_sicap)_(n_=_29,_039)_in_terms_of_quadratic_weighted_cohen’s_κ,_balanced_accuracy,_and_weighted_f1_score.balanced_accuracy",balanced_accuracy,0.625,fraction,"95% CI [0.620, 0.632]",slide,source-defined,end-to-end task-finetuned CTransPath,end-to-end fine-tuning; 10% labels,public,https://www.nature.com/articles/s41591-024-02856-4,CONCH Supplementary Information|Table 31|CTransPath,Nature Medicine 2024 supplementary PDF,4940cf23c1f341791fd16db84e6f22a83d90d1c67657c26cb118ad8fcbbef457,secondary_only_excluded,Secondary comparator evidence only; Table 31 is additionally task-finetuned.
official_secondary_comparator,CONCH Supplementary Data Table 31,CTransPath/10pct/weighted_f1,CTransPath,ctranspath,CTransPath comparator checkpoint; exact file revision not reported,conch_primary,"Supplementary Data Table 31: End-to-end finetuned classification result on Gleason grading (AGGC + PANDA + SICAP) (n = 29, 039) in terms of quadratic weighted Cohen’s κ, balanced accuracy, and weighted F1 score",ctranspath.conch2024.t31.10pct.weighted_f1,"supplementary_data_table_31:_end-to-end_finetuned_classification_result_on_gleason_grading_(aggc_+_panda_+_sicap)_(n_=_29,_039)_in_terms_of_quadratic_weighted_cohen’s_κ,_balanced_accuracy,_and_weighted_f1_score.weighted_f1",weighted_f1,0.707,fraction,"95% CI [0.702, 0.713]",slide,source-defined,end-to-end task-finetuned CTransPath,end-to-end fine-tuning; 10% labels,public,https://www.nature.com/articles/s41591-024-02856-4,CONCH Supplementary Information|Table 31|CTransPath,Nature Medicine 2024 supplementary PDF,4940cf23c1f341791fd16db84e6f22a83d90d1c67657c26cb118ad8fcbbef457,secondary_only_excluded,Secondary comparator evidence only; Table 31 is additionally task-finetuned.
official_secondary_comparator,CONCH Supplementary Data Table 31,CTransPath/1pct/quadratic_weighted_kappa,CTransPath,ctranspath,CTransPath comparator checkpoint; exact file revision not reported,conch_primary,"Supplementary Data Table 31: End-to-end finetuned classification result on Gleason grading (AGGC + PANDA + SICAP) (n = 29, 039) in terms of quadratic weighted Cohen’s κ, balanced accuracy, and weighted F1 score",ctranspath.conch2024.t31.1pct.quadratic_weighted_kappa,"supplementary_data_table_31:_end-to-end_finetuned_classification_result_on_gleason_grading_(aggc_+_panda_+_sicap)_(n_=_29,_039)_in_terms_of_quadratic_weighted_cohen’s_κ,_balanced_accuracy,_and_weighted_f1_score.quadratic_weighted_kappa",quadratic_weighted_kappa,0.595,fraction,"95% CI [0.587, 0.604]",slide,source-defined,end-to-end task-finetuned CTransPath,end-to-end fine-tuning; 1% labels,public,https://www.nature.com/articles/s41591-024-02856-4,CONCH Supplementary Information|Table 31|CTransPath,Nature Medicine 2024 supplementary PDF,4940cf23c1f341791fd16db84e6f22a83d90d1c67657c26cb118ad8fcbbef457,secondary_only_excluded,Secondary comparator evidence only; Table 31 is additionally task-finetuned.
official_secondary_comparator,CONCH Supplementary Data Table 31,CTransPath/1pct/balanced_accuracy,CTransPath,ctranspath,CTransPath comparator checkpoint; exact file revision not reported,conch_primary,"Supplementary Data Table 31: End-to-end finetuned classification result on Gleason grading (AGGC + PANDA + SICAP) (n = 29, 039) in terms of quadratic weighted Cohen’s κ, balanced accuracy, and weighted F1 score",ctranspath.conch2024.t31.1pct.balanced_accuracy,"supplementary_data_table_31:_end-to-end_finetuned_classification_result_on_gleason_grading_(aggc_+_panda_+_sicap)_(n_=_29,_039)_in_terms_of_quadratic_weighted_cohen’s_κ,_balanced_accuracy,_and_weighted_f1_score.balanced_accuracy",balanced_accuracy,0.433,fraction,"95% CI [0.430, 0.435]",slide,source-defined,end-to-end task-finetuned CTransPath,end-to-end fine-tuning; 1% labels,public,https://www.nature.com/articles/s41591-024-02856-4,CONCH Supplementary Information|Table 31|CTransPath,Nature Medicine 2024 supplementary PDF,4940cf23c1f341791fd16db84e6f22a83d90d1c67657c26cb118ad8fcbbef457,secondary_only_excluded,Secondary comparator evidence only; Table 31 is additionally task-finetuned.
official_secondary_comparator,CONCH Supplementary Data Table 31,CTransPath/1pct/weighted_f1,CTransPath,ctranspath,CTransPath comparator checkpoint; exact file revision not reported,conch_primary,"Supplementary Data Table 31: End-to-end finetuned classification result on Gleason grading (AGGC + PANDA + SICAP) (n = 29, 039) in terms of quadratic weighted Cohen’s κ, balanced accuracy, and weighted F1 score",ctranspath.conch2024.t31.1pct.weighted_f1,"supplementary_data_table_31:_end-to-end_finetuned_classification_result_on_gleason_grading_(aggc_+_panda_+_sicap)_(n_=_29,_039)_in_terms_of_quadratic_weighted_cohen’s_κ,_balanced_accuracy,_and_weighted_f1_score.weighted_f1",weighted_f1,0.522,fraction,"95% CI [0.515, 0.529]",slide,source-defined,end-to-end task-finetuned CTransPath,end-to-end fine-tuning; 1% labels,public,https://www.nature.com/articles/s41591-024-02856-4,CONCH Supplementary Information|Table 31|CTransPath,Nature Medicine 2024 supplementary PDF,4940cf23c1f341791fd16db84e6f22a83d90d1c67657c26cb118ad8fcbbef457,secondary_only_excluded,Secondary comparator evidence only; Table 31 is additionally task-finetuned.
