source_scope,source_table,source_row,model_alias,model_id,model_revision,suite_id,task_label,evaluation_id,dedup_key,metric,value,value_unit,embedding_recipe,protocol_variant,reference_url,source_locator,source_revision,source_sha256,inclusion_status,inclusion_reason
official_primary_paper,Table A1,GenBio-PathFM/IDC,GenBio-PathFM,genbio-pathfm,GenBio-PathFM official 1.1B JEDI checkpoint,hest,IDC,hest.idc.gene_expression,hest.idc.gene_expression,pearson_r,0.587,fraction,CLS token,HEST single-task ridge regression on embedding PCs; top 50 variable genes,https://genbio.ai/papers/genbio-pathfm.pdf,GenBio-PathFM PDF|Table A1|GenBio-PathFM/IDC,PDF created 2026-03-17,814ac10253ae55d737e02e1aad549e1995f05d90fd96c1fc2bc28a669996d9a1,duplicate_alternate_evidence,The pinned HEST leaderboard supplies the same cell at higher precision; retain this rounded primary-paper value as alternate evidence.
official_primary_paper,Table A1,GenBio-PathFM/PRAD,GenBio-PathFM,genbio-pathfm,GenBio-PathFM official 1.1B JEDI checkpoint,hest,PRAD,hest.prad.gene_expression,hest.prad.gene_expression,pearson_r,0.391,fraction,CLS token,HEST single-task ridge regression on embedding PCs; top 50 variable genes,https://genbio.ai/papers/genbio-pathfm.pdf,GenBio-PathFM PDF|Table A1|GenBio-PathFM/PRAD,PDF created 2026-03-17,814ac10253ae55d737e02e1aad549e1995f05d90fd96c1fc2bc28a669996d9a1,duplicate_alternate_evidence,The pinned HEST leaderboard supplies the same cell at higher precision; retain this rounded primary-paper value as alternate evidence.
official_primary_paper,Table A1,GenBio-PathFM/PAAD,GenBio-PathFM,genbio-pathfm,GenBio-PathFM official 1.1B JEDI checkpoint,hest,PAAD,hest.paad.gene_expression,hest.paad.gene_expression,pearson_r,0.496,fraction,CLS token,HEST single-task ridge regression on embedding PCs; top 50 variable genes,https://genbio.ai/papers/genbio-pathfm.pdf,GenBio-PathFM PDF|Table A1|GenBio-PathFM/PAAD,PDF created 2026-03-17,814ac10253ae55d737e02e1aad549e1995f05d90fd96c1fc2bc28a669996d9a1,duplicate_alternate_evidence,The pinned HEST leaderboard supplies the same cell at higher precision; retain this rounded primary-paper value as alternate evidence.
official_primary_paper,Table A1,GenBio-PathFM/SKCM,GenBio-PathFM,genbio-pathfm,GenBio-PathFM official 1.1B JEDI checkpoint,hest,SKCM,hest.skcm.gene_expression,hest.skcm.gene_expression,pearson_r,0.672,fraction,CLS token,HEST single-task ridge regression on embedding PCs; top 50 variable genes,https://genbio.ai/papers/genbio-pathfm.pdf,GenBio-PathFM PDF|Table A1|GenBio-PathFM/SKCM,PDF created 2026-03-17,814ac10253ae55d737e02e1aad549e1995f05d90fd96c1fc2bc28a669996d9a1,duplicate_alternate_evidence,The pinned HEST leaderboard supplies the same cell at higher precision; retain this rounded primary-paper value as alternate evidence.
official_primary_paper,Table A1,GenBio-PathFM/COAD,GenBio-PathFM,genbio-pathfm,GenBio-PathFM official 1.1B JEDI checkpoint,hest,COAD,hest.coad.gene_expression,hest.coad.gene_expression,pearson_r,0.328,fraction,CLS token,HEST single-task ridge regression on embedding PCs; top 50 variable genes,https://genbio.ai/papers/genbio-pathfm.pdf,GenBio-PathFM PDF|Table A1|GenBio-PathFM/COAD,PDF created 2026-03-17,814ac10253ae55d737e02e1aad549e1995f05d90fd96c1fc2bc28a669996d9a1,duplicate_alternate_evidence,The pinned HEST leaderboard supplies the same cell at higher precision; retain this rounded primary-paper value as alternate evidence.
official_primary_paper,Table A1,GenBio-PathFM/READ,GenBio-PathFM,genbio-pathfm,GenBio-PathFM official 1.1B JEDI checkpoint,hest,READ,hest.read.gene_expression,hest.read.gene_expression,pearson_r,0.179,fraction,CLS token,HEST single-task ridge regression on embedding PCs; top 50 variable genes,https://genbio.ai/papers/genbio-pathfm.pdf,GenBio-PathFM PDF|Table A1|GenBio-PathFM/READ,PDF created 2026-03-17,814ac10253ae55d737e02e1aad549e1995f05d90fd96c1fc2bc28a669996d9a1,duplicate_alternate_evidence,The pinned HEST leaderboard supplies the same cell at higher precision; retain this rounded primary-paper value as alternate evidence.
official_primary_paper,Table A1,GenBio-PathFM/CCRCC,GenBio-PathFM,genbio-pathfm,GenBio-PathFM official 1.1B JEDI checkpoint,hest,CCRCC,hest.ccrcc.gene_expression,hest.ccrcc.gene_expression,pearson_r,0.262,fraction,CLS token,HEST single-task ridge regression on embedding PCs; top 50 variable genes,https://genbio.ai/papers/genbio-pathfm.pdf,GenBio-PathFM PDF|Table A1|GenBio-PathFM/CCRCC,PDF created 2026-03-17,814ac10253ae55d737e02e1aad549e1995f05d90fd96c1fc2bc28a669996d9a1,duplicate_alternate_evidence,The pinned HEST leaderboard supplies the same cell at higher precision; retain this rounded primary-paper value as alternate evidence.
official_primary_paper,Table A1,GenBio-PathFM/LUNG,GenBio-PathFM,genbio-pathfm,GenBio-PathFM official 1.1B JEDI checkpoint,hest,LUNG,hest.lung.gene_expression,hest.lung.gene_expression,pearson_r,0.579,fraction,CLS token,HEST single-task ridge regression on embedding PCs; top 50 variable genes,https://genbio.ai/papers/genbio-pathfm.pdf,GenBio-PathFM PDF|Table A1|GenBio-PathFM/LUNG,PDF created 2026-03-17,814ac10253ae55d737e02e1aad549e1995f05d90fd96c1fc2bc28a669996d9a1,duplicate_alternate_evidence,The pinned HEST leaderboard supplies the same cell at higher precision; retain this rounded primary-paper value as alternate evidence.
official_primary_paper,Table A1,GenBio-PathFM/LYMPH,GenBio-PathFM,genbio-pathfm,GenBio-PathFM official 1.1B JEDI checkpoint,hest,LYMPH,hest.lymph_idc.gene_expression,hest.lymph_idc.gene_expression,pearson_r,0.284,fraction,CLS token,HEST single-task ridge regression on embedding PCs; top 50 variable genes,https://genbio.ai/papers/genbio-pathfm.pdf,GenBio-PathFM PDF|Table A1|GenBio-PathFM/LYMPH,PDF created 2026-03-17,814ac10253ae55d737e02e1aad549e1995f05d90fd96c1fc2bc28a669996d9a1,duplicate_alternate_evidence,The pinned HEST leaderboard supplies the same cell at higher precision; retain this rounded primary-paper value as alternate evidence.
official_primary_paper,Table A1,GenBio-PathFM/Avg.,GenBio-PathFM,genbio-pathfm,GenBio-PathFM official 1.1B JEDI checkpoint,hest,Average,hest.genbio2026.average,hest.aggregate.average,mean_pearson_r,0.42,fraction,CLS token,Arithmetic summary across nine HEST tasks,https://genbio.ai/papers/genbio-pathfm.pdf,GenBio-PathFM PDF|Table A1|GenBio-PathFM/Avg.,PDF created 2026-03-17,814ac10253ae55d737e02e1aad549e1995f05d90fd96c1fc2bc28a669996d9a1,aggregate_excluded,Aggregate is derived from task cells and must not be treated as an independent benchmark observation.
official_primary_paper,Table A2,GenBio-PathFM (Joint)/IDC,GenBio-PathFM (Joint),genbio-pathfm-hest-joint,GenBio-PathFM trained jointly on all HEST-bench training sets,hest,IDC,hest.genbio2026_joint.idc,hest.idc.gene_expression,pearson_r,0.826,fraction,CLS token,Joint downstream training across all HEST training sets,https://genbio.ai/papers/genbio-pathfm.pdf,GenBio-PathFM PDF|Table A2|GenBio-PathFM (Joint)/IDC,PDF created 2026-03-17,814ac10253ae55d737e02e1aad549e1995f05d90fd96c1fc2bc28a669996d9a1,fine_tuned_excluded,Task-specific joint training changes the foundation checkpoint and is quarantined from frozen-model compression analysis.
official_primary_paper,Table A2,GenBio-PathFM (Joint)/PRAD,GenBio-PathFM (Joint),genbio-pathfm-hest-joint,GenBio-PathFM trained jointly on all HEST-bench training sets,hest,PRAD,hest.genbio2026_joint.prad,hest.prad.gene_expression,pearson_r,0.654,fraction,CLS token,Joint downstream training across all HEST training sets,https://genbio.ai/papers/genbio-pathfm.pdf,GenBio-PathFM PDF|Table A2|GenBio-PathFM (Joint)/PRAD,PDF created 2026-03-17,814ac10253ae55d737e02e1aad549e1995f05d90fd96c1fc2bc28a669996d9a1,fine_tuned_excluded,Task-specific joint training changes the foundation checkpoint and is quarantined from frozen-model compression analysis.
official_primary_paper,Table A2,GenBio-PathFM (Joint)/PAAD,GenBio-PathFM (Joint),genbio-pathfm-hest-joint,GenBio-PathFM trained jointly on all HEST-bench training sets,hest,PAAD,hest.genbio2026_joint.paad,hest.paad.gene_expression,pearson_r,0.739,fraction,CLS token,Joint downstream training across all HEST training sets,https://genbio.ai/papers/genbio-pathfm.pdf,GenBio-PathFM PDF|Table A2|GenBio-PathFM (Joint)/PAAD,PDF created 2026-03-17,814ac10253ae55d737e02e1aad549e1995f05d90fd96c1fc2bc28a669996d9a1,fine_tuned_excluded,Task-specific joint training changes the foundation checkpoint and is quarantined from frozen-model compression analysis.
official_primary_paper,Table A2,GenBio-PathFM (Joint)/SKCM,GenBio-PathFM (Joint),genbio-pathfm-hest-joint,GenBio-PathFM trained jointly on all HEST-bench training sets,hest,SKCM,hest.genbio2026_joint.skcm,hest.skcm.gene_expression,pearson_r,0.873,fraction,CLS token,Joint downstream training across all HEST training sets,https://genbio.ai/papers/genbio-pathfm.pdf,GenBio-PathFM PDF|Table A2|GenBio-PathFM (Joint)/SKCM,PDF created 2026-03-17,814ac10253ae55d737e02e1aad549e1995f05d90fd96c1fc2bc28a669996d9a1,fine_tuned_excluded,Task-specific joint training changes the foundation checkpoint and is quarantined from frozen-model compression analysis.
official_primary_paper,Table A2,GenBio-PathFM (Joint)/COAD,GenBio-PathFM (Joint),genbio-pathfm-hest-joint,GenBio-PathFM trained jointly on all HEST-bench training sets,hest,COAD,hest.genbio2026_joint.coad,hest.coad.gene_expression,pearson_r,0.706,fraction,CLS token,Joint downstream training across all HEST training sets,https://genbio.ai/papers/genbio-pathfm.pdf,GenBio-PathFM PDF|Table A2|GenBio-PathFM (Joint)/COAD,PDF created 2026-03-17,814ac10253ae55d737e02e1aad549e1995f05d90fd96c1fc2bc28a669996d9a1,fine_tuned_excluded,Task-specific joint training changes the foundation checkpoint and is quarantined from frozen-model compression analysis.
official_primary_paper,Table A2,GenBio-PathFM (Joint)/READ,GenBio-PathFM (Joint),genbio-pathfm-hest-joint,GenBio-PathFM trained jointly on all HEST-bench training sets,hest,READ,hest.genbio2026_joint.read,hest.read.gene_expression,pearson_r,0.403,fraction,CLS token,Joint downstream training across all HEST training sets,https://genbio.ai/papers/genbio-pathfm.pdf,GenBio-PathFM PDF|Table A2|GenBio-PathFM (Joint)/READ,PDF created 2026-03-17,814ac10253ae55d737e02e1aad549e1995f05d90fd96c1fc2bc28a669996d9a1,fine_tuned_excluded,Task-specific joint training changes the foundation checkpoint and is quarantined from frozen-model compression analysis.
official_primary_paper,Table A2,GenBio-PathFM (Joint)/CCRCC,GenBio-PathFM (Joint),genbio-pathfm-hest-joint,GenBio-PathFM trained jointly on all HEST-bench training sets,hest,CCRCC,hest.genbio2026_joint.ccrcc,hest.ccrcc.gene_expression,pearson_r,0.567,fraction,CLS token,Joint downstream training across all HEST training sets,https://genbio.ai/papers/genbio-pathfm.pdf,GenBio-PathFM PDF|Table A2|GenBio-PathFM (Joint)/CCRCC,PDF created 2026-03-17,814ac10253ae55d737e02e1aad549e1995f05d90fd96c1fc2bc28a669996d9a1,fine_tuned_excluded,Task-specific joint training changes the foundation checkpoint and is quarantined from frozen-model compression analysis.
official_primary_paper,Table A2,GenBio-PathFM (Joint)/LUNG,GenBio-PathFM (Joint),genbio-pathfm-hest-joint,GenBio-PathFM trained jointly on all HEST-bench training sets,hest,LUNG,hest.genbio2026_joint.lung,hest.lung.gene_expression,pearson_r,0.778,fraction,CLS token,Joint downstream training across all HEST training sets,https://genbio.ai/papers/genbio-pathfm.pdf,GenBio-PathFM PDF|Table A2|GenBio-PathFM (Joint)/LUNG,PDF created 2026-03-17,814ac10253ae55d737e02e1aad549e1995f05d90fd96c1fc2bc28a669996d9a1,fine_tuned_excluded,Task-specific joint training changes the foundation checkpoint and is quarantined from frozen-model compression analysis.
official_primary_paper,Table A2,GenBio-PathFM (Joint)/LYMPH,GenBio-PathFM (Joint),genbio-pathfm-hest-joint,GenBio-PathFM trained jointly on all HEST-bench training sets,hest,LYMPH,hest.genbio2026_joint.lymph,hest.lymph_idc.gene_expression,pearson_r,0.476,fraction,CLS token,Joint downstream training across all HEST training sets,https://genbio.ai/papers/genbio-pathfm.pdf,GenBio-PathFM PDF|Table A2|GenBio-PathFM (Joint)/LYMPH,PDF created 2026-03-17,814ac10253ae55d737e02e1aad549e1995f05d90fd96c1fc2bc28a669996d9a1,fine_tuned_excluded,Task-specific joint training changes the foundation checkpoint and is quarantined from frozen-model compression analysis.
official_primary_paper,Table A2,GenBio-PathFM (Joint)/Average,GenBio-PathFM (Joint),genbio-pathfm-hest-joint,GenBio-PathFM trained jointly on all HEST-bench training sets,hest,Average,hest.genbio2026_joint.average,hest.aggregate.average,mean_pearson_r,0.669,fraction,CLS token,Joint downstream training across all HEST training sets,https://genbio.ai/papers/genbio-pathfm.pdf,GenBio-PathFM PDF|Table A2|GenBio-PathFM (Joint)/Average,PDF created 2026-03-17,814ac10253ae55d737e02e1aad549e1995f05d90fd96c1fc2bc28a669996d9a1,fine_tuned_excluded,Both fine-tuned and aggregate; retained only as quarantined evidence.
official_primary_paper,Table A3,GenBio-PathFM/BACH,GenBio-PathFM,genbio-pathfm,GenBio-PathFM official 1.1B JEDI checkpoint,thunder,BACH,thunder.genbio2026.bach.knn,thunder.dataset.bach,f1_score,81.8,percent,CLS token,Official THUNDER kNN protocol; frozen encoder,https://genbio.ai/papers/genbio-pathfm.pdf,GenBio-PathFM PDF|Table A3|GenBio-PathFM/BACH,PDF created 2026-03-17,814ac10253ae55d737e02e1aad549e1995f05d90fd96c1fc2bc28a669996d9a1,canonical_candidate,Exact public-suite task cell under the paper's explicitly reported kNN protocol; distinct from current THUNDER linear-probe rows.
official_primary_paper,Table A3,GenBio-PathFM/BRACS,GenBio-PathFM,genbio-pathfm,GenBio-PathFM official 1.1B JEDI checkpoint,thunder,BRACS,thunder.genbio2026.bracs.knn,thunder.dataset.bracs,f1_score,56.3,percent,CLS token,Official THUNDER kNN protocol; frozen encoder,https://genbio.ai/papers/genbio-pathfm.pdf,GenBio-PathFM PDF|Table A3|GenBio-PathFM/BRACS,PDF created 2026-03-17,814ac10253ae55d737e02e1aad549e1995f05d90fd96c1fc2bc28a669996d9a1,canonical_candidate,Exact public-suite task cell under the paper's explicitly reported kNN protocol; distinct from current THUNDER linear-probe rows.
official_primary_paper,Table A3,GenBio-PathFM/BreakHis,GenBio-PathFM,genbio-pathfm,GenBio-PathFM official 1.1B JEDI checkpoint,thunder,BreakHis,thunder.genbio2026.breakhis.knn,thunder.dataset.breakhis,f1_score,86,percent,CLS token,Official THUNDER kNN protocol; frozen encoder,https://genbio.ai/papers/genbio-pathfm.pdf,GenBio-PathFM PDF|Table A3|GenBio-PathFM/BreakHis,PDF created 2026-03-17,814ac10253ae55d737e02e1aad549e1995f05d90fd96c1fc2bc28a669996d9a1,canonical_candidate,Exact public-suite task cell under the paper's explicitly reported kNN protocol; distinct from current THUNDER linear-probe rows.
official_primary_paper,Table A3,GenBio-PathFM/CCRCC,GenBio-PathFM,genbio-pathfm,GenBio-PathFM official 1.1B JEDI checkpoint,thunder,CCRCC,thunder.genbio2026.ccrcc.knn,thunder.dataset.ccrcc,f1_score,92.7,percent,CLS token,Official THUNDER kNN protocol; frozen encoder,https://genbio.ai/papers/genbio-pathfm.pdf,GenBio-PathFM PDF|Table A3|GenBio-PathFM/CCRCC,PDF created 2026-03-17,814ac10253ae55d737e02e1aad549e1995f05d90fd96c1fc2bc28a669996d9a1,canonical_candidate,Exact public-suite task cell under the paper's explicitly reported kNN protocol; distinct from current THUNDER linear-probe rows.
official_primary_paper,Table A3,GenBio-PathFM/CRC-100K,GenBio-PathFM,genbio-pathfm,GenBio-PathFM official 1.1B JEDI checkpoint,thunder,CRC-100K,thunder.genbio2026.crc_100k.knn,thunder.dataset.crc_100k,f1_score,94.8,percent,CLS token,Official THUNDER kNN protocol; frozen encoder,https://genbio.ai/papers/genbio-pathfm.pdf,GenBio-PathFM PDF|Table A3|GenBio-PathFM/CRC-100K,PDF created 2026-03-17,814ac10253ae55d737e02e1aad549e1995f05d90fd96c1fc2bc28a669996d9a1,canonical_candidate,Exact public-suite task cell under the paper's explicitly reported kNN protocol; distinct from current THUNDER linear-probe rows.
official_primary_paper,Table A3,GenBio-PathFM/ESCA,GenBio-PathFM,genbio-pathfm,GenBio-PathFM official 1.1B JEDI checkpoint,thunder,ESCA,thunder.genbio2026.esca.knn,thunder.dataset.esca,f1_score,83.6,percent,CLS token,Official THUNDER kNN protocol; frozen encoder,https://genbio.ai/papers/genbio-pathfm.pdf,GenBio-PathFM PDF|Table A3|GenBio-PathFM/ESCA,PDF created 2026-03-17,814ac10253ae55d737e02e1aad549e1995f05d90fd96c1fc2bc28a669996d9a1,canonical_candidate,Exact public-suite task cell under the paper's explicitly reported kNN protocol; distinct from current THUNDER linear-probe rows.
official_primary_paper,Table A3,GenBio-PathFM/MHIST,GenBio-PathFM,genbio-pathfm,GenBio-PathFM official 1.1B JEDI checkpoint,thunder,MHIST,thunder.genbio2026.mhist.knn,thunder.dataset.mhist,f1_score,69.9,percent,CLS token,Official THUNDER kNN protocol; frozen encoder,https://genbio.ai/papers/genbio-pathfm.pdf,GenBio-PathFM PDF|Table A3|GenBio-PathFM/MHIST,PDF created 2026-03-17,814ac10253ae55d737e02e1aad549e1995f05d90fd96c1fc2bc28a669996d9a1,canonical_candidate,Exact public-suite task cell under the paper's explicitly reported kNN protocol; distinct from current THUNDER linear-probe rows.
official_primary_paper,Table A3,GenBio-PathFM/PCAM,GenBio-PathFM,genbio-pathfm,GenBio-PathFM official 1.1B JEDI checkpoint,thunder,PCAM,thunder.genbio2026.pcam.knn,thunder.dataset.pcam,f1_score,90.2,percent,CLS token,Official THUNDER kNN protocol; frozen encoder,https://genbio.ai/papers/genbio-pathfm.pdf,GenBio-PathFM PDF|Table A3|GenBio-PathFM/PCAM,PDF created 2026-03-17,814ac10253ae55d737e02e1aad549e1995f05d90fd96c1fc2bc28a669996d9a1,canonical_candidate,Exact public-suite task cell under the paper's explicitly reported kNN protocol; distinct from current THUNDER linear-probe rows.
official_primary_paper,Table A3,GenBio-PathFM/TCGA-CRC,GenBio-PathFM,genbio-pathfm,GenBio-PathFM official 1.1B JEDI checkpoint,thunder,TCGA-CRC,thunder.genbio2026.tcga_crc.knn,thunder.dataset.tcga_crc,f1_score,64.4,percent,CLS token,Official THUNDER kNN protocol; frozen encoder,https://genbio.ai/papers/genbio-pathfm.pdf,GenBio-PathFM PDF|Table A3|GenBio-PathFM/TCGA-CRC,PDF created 2026-03-17,814ac10253ae55d737e02e1aad549e1995f05d90fd96c1fc2bc28a669996d9a1,canonical_candidate,Exact public-suite task cell under the paper's explicitly reported kNN protocol; distinct from current THUNDER linear-probe rows.
official_primary_paper,Table A3,GenBio-PathFM/TCGA-TILS,GenBio-PathFM,genbio-pathfm,GenBio-PathFM official 1.1B JEDI checkpoint,thunder,TCGA-TILS,thunder.genbio2026.tcga_tils.knn,thunder.dataset.tcga_tils,f1_score,89,percent,CLS token,Official THUNDER kNN protocol; frozen encoder,https://genbio.ai/papers/genbio-pathfm.pdf,GenBio-PathFM PDF|Table A3|GenBio-PathFM/TCGA-TILS,PDF created 2026-03-17,814ac10253ae55d737e02e1aad549e1995f05d90fd96c1fc2bc28a669996d9a1,canonical_candidate,Exact public-suite task cell under the paper's explicitly reported kNN protocol; distinct from current THUNDER linear-probe rows.
official_primary_paper,Table A3,GenBio-PathFM/TCGA-Unif,GenBio-PathFM,genbio-pathfm,GenBio-PathFM official 1.1B JEDI checkpoint,thunder,TCGA-Unif,thunder.genbio2026.tcga_unif.knn,thunder.dataset.tcga_unif,f1_score,76.8,percent,CLS token,Official THUNDER kNN protocol; frozen encoder,https://genbio.ai/papers/genbio-pathfm.pdf,GenBio-PathFM PDF|Table A3|GenBio-PathFM/TCGA-Unif,PDF created 2026-03-17,814ac10253ae55d737e02e1aad549e1995f05d90fd96c1fc2bc28a669996d9a1,canonical_candidate,Exact public-suite task cell under the paper's explicitly reported kNN protocol; distinct from current THUNDER linear-probe rows.
official_primary_paper,Table A3,GenBio-PathFM/WILDS,GenBio-PathFM,genbio-pathfm,GenBio-PathFM official 1.1B JEDI checkpoint,thunder,WILDS,thunder.genbio2026.wilds.knn,thunder.dataset.wilds,f1_score,95.8,percent,CLS token,Official THUNDER kNN protocol; frozen encoder,https://genbio.ai/papers/genbio-pathfm.pdf,GenBio-PathFM PDF|Table A3|GenBio-PathFM/WILDS,PDF created 2026-03-17,814ac10253ae55d737e02e1aad549e1995f05d90fd96c1fc2bc28a669996d9a1,canonical_candidate,Exact public-suite task cell under the paper's explicitly reported kNN protocol; distinct from current THUNDER linear-probe rows.
official_primary_paper,Table A3,GenBio-PathFM/Avg.,GenBio-PathFM,genbio-pathfm,GenBio-PathFM official 1.1B JEDI checkpoint,thunder,Average,thunder.genbio2026.average.knn,thunder.aggregate.average,mean_f1_score,81.8,percent,CLS token,Mean across 12 THUNDER kNN tasks,https://genbio.ai/papers/genbio-pathfm.pdf,GenBio-PathFM PDF|Table A3|GenBio-PathFM/Avg.,PDF created 2026-03-17,814ac10253ae55d737e02e1aad549e1995f05d90fd96c1fc2bc28a669996d9a1,aggregate_excluded,Aggregate is derived from task cells and must not be treated as an independent observation.
official_primary_paper,Table A4,GenBio-PathFM/camelyon/RI,GenBio-PathFM,genbio-pathfm,GenBio-PathFM official 1.1B JEDI checkpoint,pathorob,camelyon/RI,pathorob.camelyon.robustness_index,pathorob.camelyon.robustness_index,robustness_index,0.865,fraction,CLS + mean pooled patch tokens,Original PathoROB protocol,https://genbio.ai/papers/genbio-pathfm.pdf,GenBio-PathFM PDF|Table A4|GenBio-PathFM/camelyon/RI,PDF created 2026-03-17,814ac10253ae55d737e02e1aad549e1995f05d90fd96c1fc2bc28a669996d9a1,duplicate_alternate_evidence,The pinned PathoROB leaderboard supplies the same external-publication RI cell; retain the paper table as alternate primary evidence.
official_primary_paper,Table A4,GenBio-PathFM/camelyon/BACC,GenBio-PathFM,genbio-pathfm,GenBio-PathFM official 1.1B JEDI checkpoint,pathorob,camelyon/BACC,pathorob.genbio2026.camelyon.balanced_accuracy,pathorob.camelyon.balanced_accuracy,balanced_accuracy,98.5,percent,CLS + mean pooled patch tokens,Original PathoROB protocol,https://genbio.ai/papers/genbio-pathfm.pdf,GenBio-PathFM PDF|Table A4|GenBio-PathFM/camelyon/BACC,PDF created 2026-03-17,814ac10253ae55d737e02e1aad549e1995f05d90fd96c1fc2bc28a669996d9a1,canonical_candidate,Exact public PathoROB balanced-accuracy task cell not represented by the current RI-only leaderboard extraction.
official_primary_paper,Table A4,GenBio-PathFM/tcga/RI,GenBio-PathFM,genbio-pathfm,GenBio-PathFM official 1.1B JEDI checkpoint,pathorob,tcga/RI,pathorob.tcga_2x2.robustness_index,pathorob.tcga.robustness_index,robustness_index,0.838,fraction,CLS + mean pooled patch tokens,Original PathoROB protocol,https://genbio.ai/papers/genbio-pathfm.pdf,GenBio-PathFM PDF|Table A4|GenBio-PathFM/tcga/RI,PDF created 2026-03-17,814ac10253ae55d737e02e1aad549e1995f05d90fd96c1fc2bc28a669996d9a1,duplicate_alternate_evidence,The pinned PathoROB leaderboard supplies the same external-publication RI cell; retain the paper table as alternate primary evidence.
official_primary_paper,Table A4,GenBio-PathFM/tcga/BACC,GenBio-PathFM,genbio-pathfm,GenBio-PathFM official 1.1B JEDI checkpoint,pathorob,tcga/BACC,pathorob.genbio2026.tcga.balanced_accuracy,pathorob.tcga.balanced_accuracy,balanced_accuracy,94.1,percent,CLS + mean pooled patch tokens,Original PathoROB protocol,https://genbio.ai/papers/genbio-pathfm.pdf,GenBio-PathFM PDF|Table A4|GenBio-PathFM/tcga/BACC,PDF created 2026-03-17,814ac10253ae55d737e02e1aad549e1995f05d90fd96c1fc2bc28a669996d9a1,canonical_candidate,Exact public PathoROB balanced-accuracy task cell not represented by the current RI-only leaderboard extraction.
official_primary_paper,Table A4,GenBio-PathFM/tolkach_esca/RI,GenBio-PathFM,genbio-pathfm,GenBio-PathFM official 1.1B JEDI checkpoint,pathorob,tolkach_esca/RI,pathorob.tolkach_esca.robustness_index,pathorob.tolkach_esca.robustness_index,robustness_index,0.96,fraction,CLS + mean pooled patch tokens,Original PathoROB protocol,https://genbio.ai/papers/genbio-pathfm.pdf,GenBio-PathFM PDF|Table A4|GenBio-PathFM/tolkach_esca/RI,PDF created 2026-03-17,814ac10253ae55d737e02e1aad549e1995f05d90fd96c1fc2bc28a669996d9a1,duplicate_alternate_evidence,The pinned PathoROB leaderboard supplies the same external-publication RI cell; retain the paper table as alternate primary evidence.
official_primary_paper,Table A4,GenBio-PathFM/tolkach_esca/BACC,GenBio-PathFM,genbio-pathfm,GenBio-PathFM official 1.1B JEDI checkpoint,pathorob,tolkach_esca/BACC,pathorob.genbio2026.tolkach_esca.balanced_accuracy,pathorob.tolkach_esca.balanced_accuracy,balanced_accuracy,98,percent,CLS + mean pooled patch tokens,Original PathoROB protocol,https://genbio.ai/papers/genbio-pathfm.pdf,GenBio-PathFM PDF|Table A4|GenBio-PathFM/tolkach_esca/BACC,PDF created 2026-03-17,814ac10253ae55d737e02e1aad549e1995f05d90fd96c1fc2bc28a669996d9a1,canonical_candidate,Exact public PathoROB balanced-accuracy task cell not represented by the current RI-only leaderboard extraction.
official_primary_paper,Table A4,GenBio-PathFM/Average/RI,GenBio-PathFM,genbio-pathfm,GenBio-PathFM official 1.1B JEDI checkpoint,pathorob,Average/RI,pathorob.genbio2026.average.ri,pathorob.aggregate.mean_robustness_index,mean_robustness_index,0.888,fraction,CLS + mean pooled patch tokens,Mean across three PathoROB datasets,https://genbio.ai/papers/genbio-pathfm.pdf,GenBio-PathFM PDF|Table A4|GenBio-PathFM/Average/RI,PDF created 2026-03-17,814ac10253ae55d737e02e1aad549e1995f05d90fd96c1fc2bc28a669996d9a1,aggregate_excluded,Aggregate is derived from dataset cells.
official_primary_paper,Table A4,GenBio-PathFM/Average/BACC,GenBio-PathFM,genbio-pathfm,GenBio-PathFM official 1.1B JEDI checkpoint,pathorob,Average/BACC,pathorob.genbio2026.average.bacc,pathorob.aggregate.mean_balanced_accuracy,mean_balanced_accuracy,96.9,percent,CLS + mean pooled patch tokens,Mean across three PathoROB datasets,https://genbio.ai/papers/genbio-pathfm.pdf,GenBio-PathFM PDF|Table A4|GenBio-PathFM/Average/BACC,PDF created 2026-03-17,814ac10253ae55d737e02e1aad549e1995f05d90fd96c1fc2bc28a669996d9a1,aggregate_excluded,Aggregate is derived from dataset cells.
official_primary_paper,Table A5,GenBio-PathFM/camelyon/ID,GenBio-PathFM,genbio-pathfm,GenBio-PathFM official 1.1B JEDI checkpoint,pathorob,camelyon/ID performance drop,pathorob.genbio2026.camelyon.apd_id,pathorob.camelyon.apd_id,average_performance_drop_percent,-2.3,percent_relative_change,CLS + mean pooled patch tokens,Original PathoROB APD protocol,https://genbio.ai/papers/genbio-pathfm.pdf,GenBio-PathFM PDF|Table A5|GenBio-PathFM/camelyon/ID,PDF created 2026-03-17,814ac10253ae55d737e02e1aad549e1995f05d90fd96c1fc2bc28a669996d9a1,canonical_candidate_analysis_ineligible,"Exact task endpoint is retained, but the signed unbounded metric has no source-defined common-scale normalization."
official_primary_paper,Table A5,GenBio-PathFM/camelyon/OOD,GenBio-PathFM,genbio-pathfm,GenBio-PathFM official 1.1B JEDI checkpoint,pathorob,camelyon/OOD performance drop,pathorob.genbio2026.camelyon.apd_ood,pathorob.camelyon.apd_ood,average_performance_drop_percent,-0.6,percent_relative_change,CLS + mean pooled patch tokens,Original PathoROB APD protocol,https://genbio.ai/papers/genbio-pathfm.pdf,GenBio-PathFM PDF|Table A5|GenBio-PathFM/camelyon/OOD,PDF created 2026-03-17,814ac10253ae55d737e02e1aad549e1995f05d90fd96c1fc2bc28a669996d9a1,canonical_candidate_analysis_ineligible,"Exact task endpoint is retained, but the signed unbounded metric has no source-defined common-scale normalization."
official_primary_paper,Table A5,GenBio-PathFM/tcga/ID,GenBio-PathFM,genbio-pathfm,GenBio-PathFM official 1.1B JEDI checkpoint,pathorob,tcga/ID performance drop,pathorob.genbio2026.tcga.apd_id,pathorob.tcga.apd_id,average_performance_drop_percent,-0.9,percent_relative_change,CLS + mean pooled patch tokens,Original PathoROB APD protocol,https://genbio.ai/papers/genbio-pathfm.pdf,GenBio-PathFM PDF|Table A5|GenBio-PathFM/tcga/ID,PDF created 2026-03-17,814ac10253ae55d737e02e1aad549e1995f05d90fd96c1fc2bc28a669996d9a1,canonical_candidate_analysis_ineligible,"Exact task endpoint is retained, but the signed unbounded metric has no source-defined common-scale normalization."
official_primary_paper,Table A5,GenBio-PathFM/tcga/OOD,GenBio-PathFM,genbio-pathfm,GenBio-PathFM official 1.1B JEDI checkpoint,pathorob,tcga/OOD performance drop,pathorob.genbio2026.tcga.apd_ood,pathorob.tcga.apd_ood,average_performance_drop_percent,0.8,percent_relative_change,CLS + mean pooled patch tokens,Original PathoROB APD protocol,https://genbio.ai/papers/genbio-pathfm.pdf,GenBio-PathFM PDF|Table A5|GenBio-PathFM/tcga/OOD,PDF created 2026-03-17,814ac10253ae55d737e02e1aad549e1995f05d90fd96c1fc2bc28a669996d9a1,canonical_candidate_analysis_ineligible,"Exact task endpoint is retained, but the signed unbounded metric has no source-defined common-scale normalization."
official_primary_paper,Table A5,GenBio-PathFM/tolkach_esca/ID,GenBio-PathFM,genbio-pathfm,GenBio-PathFM official 1.1B JEDI checkpoint,pathorob,tolkach_esca/ID performance drop,pathorob.genbio2026.tolkach_esca.apd_id,pathorob.tolkach_esca.apd_id,average_performance_drop_percent,0.2,percent_relative_change,CLS + mean pooled patch tokens,Original PathoROB APD protocol,https://genbio.ai/papers/genbio-pathfm.pdf,GenBio-PathFM PDF|Table A5|GenBio-PathFM/tolkach_esca/ID,PDF created 2026-03-17,814ac10253ae55d737e02e1aad549e1995f05d90fd96c1fc2bc28a669996d9a1,canonical_candidate_analysis_ineligible,"Exact task endpoint is retained, but the signed unbounded metric has no source-defined common-scale normalization."
official_primary_paper,Table A5,GenBio-PathFM/tolkach_esca/OOD,GenBio-PathFM,genbio-pathfm,GenBio-PathFM official 1.1B JEDI checkpoint,pathorob,tolkach_esca/OOD performance drop,pathorob.genbio2026.tolkach_esca.apd_ood,pathorob.tolkach_esca.apd_ood,average_performance_drop_percent,-0.1,percent_relative_change,CLS + mean pooled patch tokens,Original PathoROB APD protocol,https://genbio.ai/papers/genbio-pathfm.pdf,GenBio-PathFM PDF|Table A5|GenBio-PathFM/tolkach_esca/OOD,PDF created 2026-03-17,814ac10253ae55d737e02e1aad549e1995f05d90fd96c1fc2bc28a669996d9a1,canonical_candidate_analysis_ineligible,"Exact task endpoint is retained, but the signed unbounded metric has no source-defined common-scale normalization."
official_primary_paper,Table A5,GenBio-PathFM/Average/ID,GenBio-PathFM,genbio-pathfm,GenBio-PathFM official 1.1B JEDI checkpoint,pathorob,Average/ID performance drop,pathorob.genbio2026.average.apd_id,pathorob.aggregate.apd_id,average_performance_drop_percent,-1,percent_relative_change,CLS + mean pooled patch tokens,Mean across three PathoROB datasets,https://genbio.ai/papers/genbio-pathfm.pdf,GenBio-PathFM PDF|Table A5|GenBio-PathFM/Average/ID,PDF created 2026-03-17,814ac10253ae55d737e02e1aad549e1995f05d90fd96c1fc2bc28a669996d9a1,aggregate_excluded,Aggregate is derived from dataset endpoints.
official_primary_paper,Table A5,GenBio-PathFM/Average/OOD,GenBio-PathFM,genbio-pathfm,GenBio-PathFM official 1.1B JEDI checkpoint,pathorob,Average/OOD performance drop,pathorob.genbio2026.average.apd_ood,pathorob.aggregate.apd_ood,average_performance_drop_percent,0.04,percent_relative_change,CLS + mean pooled patch tokens,Mean across three PathoROB datasets,https://genbio.ai/papers/genbio-pathfm.pdf,GenBio-PathFM PDF|Table A5|GenBio-PathFM/Average/OOD,PDF created 2026-03-17,814ac10253ae55d737e02e1aad549e1995f05d90fd96c1fc2bc28a669996d9a1,aggregate_excluded,Aggregate is derived from dataset endpoints.
