"source_id","source_revision","source_sha256","source_locator","model_alias","model_id","suite_id","evaluation_id","base_evaluation_id","dataset_id","task_name","task_family","target","sample_unit","task_type","endpoint","metric","direction","value","uncertainty","protocol","reference_url","disposition","disposition_reason"
"h0mini_arxiv_v3","arxiv:2501.16239v3","222798059c15b554528d61f8caa04de8fcc2d5cc23997607dc25d851282a6f08","main_preprint.tex:Table 1/tab:eva_results|model=UNI2-h|column=BACH","UNI2-h","uni2-h","eva","eva.h0mini2025.bach","eva.bach","bach","BACH EVA classification/segmentation","classification","BACH class label","image","classification","h0mini2025_eva_cls_token","balanced_accuracy","higher","0.914","not_reported","H0-mini paper EVA protocol; CLS-token input embeddings; balanced accuracy for classification and MonaiDiceScore for segmentation.","https://arxiv.org/abs/2501.16239v3","accepted_public_leaf","Public leaf score under an exact paper-versioned protocol."
"h0mini_arxiv_v3","arxiv:2501.16239v3","222798059c15b554528d61f8caa04de8fcc2d5cc23997607dc25d851282a6f08","main_preprint.tex:Table 1/tab:eva_results|model=UNI2-h|column=CRC","UNI2-h","uni2-h","eva","eva.h0mini2025.crc","eva.crc","crc","CRC EVA classification/segmentation","classification","CRC class label","image","classification","h0mini2025_eva_cls_token","balanced_accuracy","higher","0.965","not_reported","H0-mini paper EVA protocol; CLS-token input embeddings; balanced accuracy for classification and MonaiDiceScore for segmentation.","https://arxiv.org/abs/2501.16239v3","accepted_public_leaf","Public leaf score under an exact paper-versioned protocol."
"h0mini_arxiv_v3","arxiv:2501.16239v3","222798059c15b554528d61f8caa04de8fcc2d5cc23997607dc25d851282a6f08","main_preprint.tex:Table 1/tab:eva_results|model=UNI2-h|column=MHIST","UNI2-h","uni2-h","eva","eva.h0mini2025.mhist","eva.mhist","mhist","MHIST EVA classification/segmentation","classification","MHIST class label","image","classification","h0mini2025_eva_cls_token","balanced_accuracy","higher","0.820","not_reported","H0-mini paper EVA protocol; CLS-token input embeddings; balanced accuracy for classification and MonaiDiceScore for segmentation.","https://arxiv.org/abs/2501.16239v3","accepted_public_leaf","Public leaf score under an exact paper-versioned protocol."
"h0mini_arxiv_v3","arxiv:2501.16239v3","222798059c15b554528d61f8caa04de8fcc2d5cc23997607dc25d851282a6f08","main_preprint.tex:Table 1/tab:eva_results|model=UNI2-h|column=PCam","UNI2-h","uni2-h","eva","eva.h0mini2025.patch_camelyon","eva.patch_camelyon","patch_camelyon","PCam EVA classification/segmentation","classification","PCam class label","image","classification","h0mini2025_eva_cls_token","balanced_accuracy","higher","0.949","not_reported","H0-mini paper EVA protocol; CLS-token input embeddings; balanced accuracy for classification and MonaiDiceScore for segmentation.","https://arxiv.org/abs/2501.16239v3","accepted_public_leaf","Public leaf score under an exact paper-versioned protocol."
"h0mini_arxiv_v3","arxiv:2501.16239v3","222798059c15b554528d61f8caa04de8fcc2d5cc23997607dc25d851282a6f08","main_preprint.tex:Table 1/tab:eva_results|model=UNI2-h|column=Cam16","UNI2-h","uni2-h","eva","eva.h0mini2025.camelyon16","eva.camelyon16","camelyon16","Cam16 EVA classification/segmentation","classification","Cam16 class label","slide","classification","h0mini2025_eva_cls_token","balanced_accuracy","higher","0.855","not_reported","H0-mini paper EVA protocol; CLS-token input embeddings; balanced accuracy for classification and MonaiDiceScore for segmentation.","https://arxiv.org/abs/2501.16239v3","accepted_public_leaf","Public leaf score under an exact paper-versioned protocol."
"h0mini_arxiv_v3","arxiv:2501.16239v3","222798059c15b554528d61f8caa04de8fcc2d5cc23997607dc25d851282a6f08","main_preprint.tex:Table 1/tab:eva_results|model=UNI2-h|column=PANDA","UNI2-h","uni2-h","eva","eva.h0mini2025.panda","eva.panda","panda","PANDA EVA classification/segmentation","classification","PANDA class label","slide","classification","h0mini2025_eva_cls_token","balanced_accuracy","higher","0.672","not_reported","H0-mini paper EVA protocol; CLS-token input embeddings; balanced accuracy for classification and MonaiDiceScore for segmentation.","https://arxiv.org/abs/2501.16239v3","accepted_public_leaf","Public leaf score under an exact paper-versioned protocol."
"h0mini_arxiv_v3","arxiv:2501.16239v3","222798059c15b554528d61f8caa04de8fcc2d5cc23997607dc25d851282a6f08","main_preprint.tex:Table 1/tab:eva_results|model=UNI2-h|column=CoNSeP","UNI2-h","uni2-h","eva","eva.h0mini2025.consep","eva.consep","consep","CoNSeP EVA classification/segmentation","segmentation","CoNSeP segmentation mask","image","segmentation","h0mini2025_eva_cls_token","dice","higher","0.632","not_reported","H0-mini paper EVA protocol; CLS-token input embeddings; balanced accuracy for classification and MonaiDiceScore for segmentation.","https://arxiv.org/abs/2501.16239v3","accepted_public_leaf","Public leaf score under an exact paper-versioned protocol."
"h0mini_arxiv_v3","arxiv:2501.16239v3","222798059c15b554528d61f8caa04de8fcc2d5cc23997607dc25d851282a6f08","main_preprint.tex:Table 1/tab:eva_results|model=UNI2-h|column=MoNuSAC","UNI2-h","uni2-h","eva","eva.h0mini2025.monusac","eva.monusac","monusac","MoNuSAC EVA classification/segmentation","segmentation","MoNuSAC segmentation mask","image","segmentation","h0mini2025_eva_cls_token","dice","higher","0.642","not_reported","H0-mini paper EVA protocol; CLS-token input embeddings; balanced accuracy for classification and MonaiDiceScore for segmentation.","https://arxiv.org/abs/2501.16239v3","accepted_public_leaf","Public leaf score under an exact paper-versioned protocol."
"h0mini_arxiv_v3","arxiv:2501.16239v3","222798059c15b554528d61f8caa04de8fcc2d5cc23997607dc25d851282a6f08","main_preprint.tex:Table 1/tab:eva_results|model=H0-mini|column=BACH","H0-mini","h0-mini","eva","eva.h0mini2025.bach","eva.bach","bach","BACH EVA classification/segmentation","classification","BACH class label","image","classification","h0mini2025_eva_cls_token","balanced_accuracy","higher","0.774","not_reported","H0-mini paper EVA protocol; CLS-token input embeddings; balanced accuracy for classification and MonaiDiceScore for segmentation.","https://arxiv.org/abs/2501.16239v3","accepted_public_leaf","Public leaf score under an exact paper-versioned protocol."
"h0mini_arxiv_v3","arxiv:2501.16239v3","222798059c15b554528d61f8caa04de8fcc2d5cc23997607dc25d851282a6f08","main_preprint.tex:Table 1/tab:eva_results|model=H0-mini|column=CRC","H0-mini","h0-mini","eva","eva.h0mini2025.crc","eva.crc","crc","CRC EVA classification/segmentation","classification","CRC class label","image","classification","h0mini2025_eva_cls_token","balanced_accuracy","higher","0.961","not_reported","H0-mini paper EVA protocol; CLS-token input embeddings; balanced accuracy for classification and MonaiDiceScore for segmentation.","https://arxiv.org/abs/2501.16239v3","accepted_public_leaf","Public leaf score under an exact paper-versioned protocol."
"h0mini_arxiv_v3","arxiv:2501.16239v3","222798059c15b554528d61f8caa04de8fcc2d5cc23997607dc25d851282a6f08","main_preprint.tex:Table 1/tab:eva_results|model=H0-mini|column=MHIST","H0-mini","h0-mini","eva","eva.h0mini2025.mhist","eva.mhist","mhist","MHIST EVA classification/segmentation","classification","MHIST class label","image","classification","h0mini2025_eva_cls_token","balanced_accuracy","higher","0.790","not_reported","H0-mini paper EVA protocol; CLS-token input embeddings; balanced accuracy for classification and MonaiDiceScore for segmentation.","https://arxiv.org/abs/2501.16239v3","accepted_public_leaf","Public leaf score under an exact paper-versioned protocol."
"h0mini_arxiv_v3","arxiv:2501.16239v3","222798059c15b554528d61f8caa04de8fcc2d5cc23997607dc25d851282a6f08","main_preprint.tex:Table 1/tab:eva_results|model=H0-mini|column=PCam","H0-mini","h0-mini","eva","eva.h0mini2025.patch_camelyon","eva.patch_camelyon","patch_camelyon","PCam EVA classification/segmentation","classification","PCam class label","image","classification","h0mini2025_eva_cls_token","balanced_accuracy","higher","0.942","not_reported","H0-mini paper EVA protocol; CLS-token input embeddings; balanced accuracy for classification and MonaiDiceScore for segmentation.","https://arxiv.org/abs/2501.16239v3","accepted_public_leaf","Public leaf score under an exact paper-versioned protocol."
"h0mini_arxiv_v3","arxiv:2501.16239v3","222798059c15b554528d61f8caa04de8fcc2d5cc23997607dc25d851282a6f08","main_preprint.tex:Table 1/tab:eva_results|model=H0-mini|column=Cam16","H0-mini","h0-mini","eva","eva.h0mini2025.camelyon16","eva.camelyon16","camelyon16","Cam16 EVA classification/segmentation","classification","Cam16 class label","slide","classification","h0mini2025_eva_cls_token","balanced_accuracy","higher","0.842","not_reported","H0-mini paper EVA protocol; CLS-token input embeddings; balanced accuracy for classification and MonaiDiceScore for segmentation.","https://arxiv.org/abs/2501.16239v3","accepted_public_leaf","Public leaf score under an exact paper-versioned protocol."
"h0mini_arxiv_v3","arxiv:2501.16239v3","222798059c15b554528d61f8caa04de8fcc2d5cc23997607dc25d851282a6f08","main_preprint.tex:Table 1/tab:eva_results|model=H0-mini|column=PANDA","H0-mini","h0-mini","eva","eva.h0mini2025.panda","eva.panda","panda","PANDA EVA classification/segmentation","classification","PANDA class label","slide","classification","h0mini2025_eva_cls_token","balanced_accuracy","higher","0.667","not_reported","H0-mini paper EVA protocol; CLS-token input embeddings; balanced accuracy for classification and MonaiDiceScore for segmentation.","https://arxiv.org/abs/2501.16239v3","accepted_public_leaf","Public leaf score under an exact paper-versioned protocol."
"h0mini_arxiv_v3","arxiv:2501.16239v3","222798059c15b554528d61f8caa04de8fcc2d5cc23997607dc25d851282a6f08","main_preprint.tex:Table 1/tab:eva_results|model=H0-mini|column=CoNSeP","H0-mini","h0-mini","eva","eva.h0mini2025.consep","eva.consep","consep","CoNSeP EVA classification/segmentation","segmentation","CoNSeP segmentation mask","image","segmentation","h0mini2025_eva_cls_token","dice","higher","0.629","not_reported","H0-mini paper EVA protocol; CLS-token input embeddings; balanced accuracy for classification and MonaiDiceScore for segmentation.","https://arxiv.org/abs/2501.16239v3","accepted_public_leaf","Public leaf score under an exact paper-versioned protocol."
"h0mini_arxiv_v3","arxiv:2501.16239v3","222798059c15b554528d61f8caa04de8fcc2d5cc23997607dc25d851282a6f08","main_preprint.tex:Table 1/tab:eva_results|model=H0-mini|column=MoNuSAC","H0-mini","h0-mini","eva","eva.h0mini2025.monusac","eva.monusac","monusac","MoNuSAC EVA classification/segmentation","segmentation","MoNuSAC segmentation mask","image","segmentation","h0mini2025_eva_cls_token","dice","higher","0.643","not_reported","H0-mini paper EVA protocol; CLS-token input embeddings; balanced accuracy for classification and MonaiDiceScore for segmentation.","https://arxiv.org/abs/2501.16239v3","accepted_public_leaf","Public leaf score under an exact paper-versioned protocol."
"h0mini_arxiv_v3","arxiv:2501.16239v3","222798059c15b554528d61f8caa04de8fcc2d5cc23997607dc25d851282a6f08","main_preprint.tex:Table 1/tab:eva_results|model=UNI2-h|column=Mean All","UNI2-h","uni2-h","eva","eva.h0mini2025.aggregate.mean","","aggregate","EVA mean excluding BACH","aggregate","derived mean","model","aggregate","mean","mean_reported_score","higher",".791","not_reported","Paper-reported convenience average excluding BACH.","https://arxiv.org/abs/2501.16239v3","excluded_derived_aggregate","Derived summary is not an independent benchmark task."
"h0mini_arxiv_v3","arxiv:2501.16239v3","222798059c15b554528d61f8caa04de8fcc2d5cc23997607dc25d851282a6f08","main_preprint.tex:Table 1/tab:eva_results|model=H0-mini|column=Mean All","H0-mini","h0-mini","eva","eva.h0mini2025.aggregate.mean","","aggregate","EVA mean excluding BACH","aggregate","derived mean","model","aggregate","mean","mean_reported_score","higher",".782","not_reported","Paper-reported convenience average excluding BACH.","https://arxiv.org/abs/2501.16239v3","excluded_derived_aggregate","Derived summary is not an independent benchmark task."
"h0mini_arxiv_v3","arxiv:2501.16239v3","222798059c15b554528d61f8caa04de8fcc2d5cc23997607dc25d851282a6f08","main_preprint.tex:Table 2/tab:hest_results|model=UNI2-h|column=IDC","UNI2-h","uni2-h","hest","hest.h0mini2025.idc.gene_expression","hest.idc.gene_expression","idc","IDC morphology-to-gene-expression","spatial_transcriptomics","expression of 50 highly variable genes","spatial_transcriptomics_spot","regression","h0mini2025_ridge_gene_expression_cls_mean","pearson_r","higher","0.6054","not_reported","H0-mini paper HEST protocol; CLS token concatenated with mean patch token as input embedding; Pearson correlation.","https://arxiv.org/abs/2501.16239v3","accepted_public_leaf","Public leaf score under an exact paper-versioned protocol."
"h0mini_arxiv_v3","arxiv:2501.16239v3","222798059c15b554528d61f8caa04de8fcc2d5cc23997607dc25d851282a6f08","main_preprint.tex:Table 2/tab:hest_results|model=UNI2-h|column=PRAD","UNI2-h","uni2-h","hest","hest.h0mini2025.prad.gene_expression","hest.prad.gene_expression","prad","PRAD morphology-to-gene-expression","spatial_transcriptomics","expression of 50 highly variable genes","spatial_transcriptomics_spot","regression","h0mini2025_ridge_gene_expression_cls_mean","pearson_r","higher","0.3753","not_reported","H0-mini paper HEST protocol; CLS token concatenated with mean patch token as input embedding; Pearson correlation.","https://arxiv.org/abs/2501.16239v3","accepted_public_leaf","Public leaf score under an exact paper-versioned protocol."
"h0mini_arxiv_v3","arxiv:2501.16239v3","222798059c15b554528d61f8caa04de8fcc2d5cc23997607dc25d851282a6f08","main_preprint.tex:Table 2/tab:hest_results|model=UNI2-h|column=PAAD","UNI2-h","uni2-h","hest","hest.h0mini2025.paad.gene_expression","hest.paad.gene_expression","paad","PAAD morphology-to-gene-expression","spatial_transcriptomics","expression of 50 highly variable genes","spatial_transcriptomics_spot","regression","h0mini2025_ridge_gene_expression_cls_mean","pearson_r","higher","0.5231","not_reported","H0-mini paper HEST protocol; CLS token concatenated with mean patch token as input embedding; Pearson correlation.","https://arxiv.org/abs/2501.16239v3","accepted_public_leaf","Public leaf score under an exact paper-versioned protocol."
"h0mini_arxiv_v3","arxiv:2501.16239v3","222798059c15b554528d61f8caa04de8fcc2d5cc23997607dc25d851282a6f08","main_preprint.tex:Table 2/tab:hest_results|model=UNI2-h|column=SKCM","UNI2-h","uni2-h","hest","hest.h0mini2025.skcm.gene_expression","hest.skcm.gene_expression","skcm","SKCM morphology-to-gene-expression","spatial_transcriptomics","expression of 50 highly variable genes","spatial_transcriptomics_spot","regression","h0mini2025_ridge_gene_expression_cls_mean","pearson_r","higher","0.6829","not_reported","H0-mini paper HEST protocol; CLS token concatenated with mean patch token as input embedding; Pearson correlation.","https://arxiv.org/abs/2501.16239v3","accepted_public_leaf","Public leaf score under an exact paper-versioned protocol."
"h0mini_arxiv_v3","arxiv:2501.16239v3","222798059c15b554528d61f8caa04de8fcc2d5cc23997607dc25d851282a6f08","main_preprint.tex:Table 2/tab:hest_results|model=UNI2-h|column=COAD","UNI2-h","uni2-h","hest","hest.h0mini2025.coad.gene_expression","hest.coad.gene_expression","coad","COAD morphology-to-gene-expression","spatial_transcriptomics","expression of 50 highly variable genes","spatial_transcriptomics_spot","regression","h0mini2025_ridge_gene_expression_cls_mean","pearson_r","higher","0.3319","not_reported","H0-mini paper HEST protocol; CLS token concatenated with mean patch token as input embedding; Pearson correlation.","https://arxiv.org/abs/2501.16239v3","accepted_public_leaf","Public leaf score under an exact paper-versioned protocol."
"h0mini_arxiv_v3","arxiv:2501.16239v3","222798059c15b554528d61f8caa04de8fcc2d5cc23997607dc25d851282a6f08","main_preprint.tex:Table 2/tab:hest_results|model=UNI2-h|column=READ","UNI2-h","uni2-h","hest","hest.h0mini2025.read.gene_expression","hest.read.gene_expression","read","READ morphology-to-gene-expression","spatial_transcriptomics","expression of 50 highly variable genes","spatial_transcriptomics_spot","regression","h0mini2025_ridge_gene_expression_cls_mean","pearson_r","higher","0.2265","not_reported","H0-mini paper HEST protocol; CLS token concatenated with mean patch token as input embedding; Pearson correlation.","https://arxiv.org/abs/2501.16239v3","accepted_public_leaf","Public leaf score under an exact paper-versioned protocol."
"h0mini_arxiv_v3","arxiv:2501.16239v3","222798059c15b554528d61f8caa04de8fcc2d5cc23997607dc25d851282a6f08","main_preprint.tex:Table 2/tab:hest_results|model=UNI2-h|column=CCRCC","UNI2-h","uni2-h","hest","hest.h0mini2025.ccrcc.gene_expression","hest.ccrcc.gene_expression","ccrcc","CCRCC morphology-to-gene-expression","spatial_transcriptomics","expression of 50 highly variable genes","spatial_transcriptomics_spot","regression","h0mini2025_ridge_gene_expression_cls_mean","pearson_r","higher","0.2662","not_reported","H0-mini paper HEST protocol; CLS token concatenated with mean patch token as input embedding; Pearson correlation.","https://arxiv.org/abs/2501.16239v3","accepted_public_leaf","Public leaf score under an exact paper-versioned protocol."
"h0mini_arxiv_v3","arxiv:2501.16239v3","222798059c15b554528d61f8caa04de8fcc2d5cc23997607dc25d851282a6f08","main_preprint.tex:Table 2/tab:hest_results|model=UNI2-h|column=LUAD","UNI2-h","uni2-h","hest","hest.h0mini2025.lung.gene_expression","hest.lung.gene_expression","lung","LUAD morphology-to-gene-expression","spatial_transcriptomics","expression of 50 highly variable genes","spatial_transcriptomics_spot","regression","h0mini2025_ridge_gene_expression_cls_mean","pearson_r","higher","0.5743","not_reported","H0-mini paper HEST protocol; CLS token concatenated with mean patch token as input embedding; Pearson correlation.","https://arxiv.org/abs/2501.16239v3","accepted_public_leaf","Public leaf score under an exact paper-versioned protocol."
"h0mini_arxiv_v3","arxiv:2501.16239v3","222798059c15b554528d61f8caa04de8fcc2d5cc23997607dc25d851282a6f08","main_preprint.tex:Table 2/tab:hest_results|model=UNI2-h|column=L. IDC","UNI2-h","uni2-h","hest","hest.h0mini2025.lymph_idc.gene_expression","hest.lymph_idc.gene_expression","lymph_idc","L. IDC morphology-to-gene-expression","spatial_transcriptomics","expression of 50 highly variable genes","spatial_transcriptomics_spot","regression","h0mini2025_ridge_gene_expression_cls_mean","pearson_r","higher","0.2743","not_reported","H0-mini paper HEST protocol; CLS token concatenated with mean patch token as input embedding; Pearson correlation.","https://arxiv.org/abs/2501.16239v3","accepted_public_leaf","Public leaf score under an exact paper-versioned protocol."
"h0mini_arxiv_v3","arxiv:2501.16239v3","222798059c15b554528d61f8caa04de8fcc2d5cc23997607dc25d851282a6f08","main_preprint.tex:Table 2/tab:hest_results|model=H0-mini|column=IDC","H0-mini","h0-mini","hest","hest.h0mini2025.idc.gene_expression","hest.idc.gene_expression","idc","IDC morphology-to-gene-expression","spatial_transcriptomics","expression of 50 highly variable genes","spatial_transcriptomics_spot","regression","h0mini2025_ridge_gene_expression_cls_mean","pearson_r","higher","0.5909","not_reported","H0-mini paper HEST protocol; CLS token concatenated with mean patch token as input embedding; Pearson correlation.","https://arxiv.org/abs/2501.16239v3","accepted_public_leaf","Public leaf score under an exact paper-versioned protocol."
"h0mini_arxiv_v3","arxiv:2501.16239v3","222798059c15b554528d61f8caa04de8fcc2d5cc23997607dc25d851282a6f08","main_preprint.tex:Table 2/tab:hest_results|model=H0-mini|column=PRAD","H0-mini","h0-mini","hest","hest.h0mini2025.prad.gene_expression","hest.prad.gene_expression","prad","PRAD morphology-to-gene-expression","spatial_transcriptomics","expression of 50 highly variable genes","spatial_transcriptomics_spot","regression","h0mini2025_ridge_gene_expression_cls_mean","pearson_r","higher","0.3633","not_reported","H0-mini paper HEST protocol; CLS token concatenated with mean patch token as input embedding; Pearson correlation.","https://arxiv.org/abs/2501.16239v3","accepted_public_leaf","Public leaf score under an exact paper-versioned protocol."
"h0mini_arxiv_v3","arxiv:2501.16239v3","222798059c15b554528d61f8caa04de8fcc2d5cc23997607dc25d851282a6f08","main_preprint.tex:Table 2/tab:hest_results|model=H0-mini|column=PAAD","H0-mini","h0-mini","hest","hest.h0mini2025.paad.gene_expression","hest.paad.gene_expression","paad","PAAD morphology-to-gene-expression","spatial_transcriptomics","expression of 50 highly variable genes","spatial_transcriptomics_spot","regression","h0mini2025_ridge_gene_expression_cls_mean","pearson_r","higher","0.5068","not_reported","H0-mini paper HEST protocol; CLS token concatenated with mean patch token as input embedding; Pearson correlation.","https://arxiv.org/abs/2501.16239v3","accepted_public_leaf","Public leaf score under an exact paper-versioned protocol."
"h0mini_arxiv_v3","arxiv:2501.16239v3","222798059c15b554528d61f8caa04de8fcc2d5cc23997607dc25d851282a6f08","main_preprint.tex:Table 2/tab:hest_results|model=H0-mini|column=SKCM","H0-mini","h0-mini","hest","hest.h0mini2025.skcm.gene_expression","hest.skcm.gene_expression","skcm","SKCM morphology-to-gene-expression","spatial_transcriptomics","expression of 50 highly variable genes","spatial_transcriptomics_spot","regression","h0mini2025_ridge_gene_expression_cls_mean","pearson_r","higher","0.6125","not_reported","H0-mini paper HEST protocol; CLS token concatenated with mean patch token as input embedding; Pearson correlation.","https://arxiv.org/abs/2501.16239v3","accepted_public_leaf","Public leaf score under an exact paper-versioned protocol."
"h0mini_arxiv_v3","arxiv:2501.16239v3","222798059c15b554528d61f8caa04de8fcc2d5cc23997607dc25d851282a6f08","main_preprint.tex:Table 2/tab:hest_results|model=H0-mini|column=COAD","H0-mini","h0-mini","hest","hest.h0mini2025.coad.gene_expression","hest.coad.gene_expression","coad","COAD morphology-to-gene-expression","spatial_transcriptomics","expression of 50 highly variable genes","spatial_transcriptomics_spot","regression","h0mini2025_ridge_gene_expression_cls_mean","pearson_r","higher","0.2700","not_reported","H0-mini paper HEST protocol; CLS token concatenated with mean patch token as input embedding; Pearson correlation.","https://arxiv.org/abs/2501.16239v3","accepted_public_leaf","Public leaf score under an exact paper-versioned protocol."
"h0mini_arxiv_v3","arxiv:2501.16239v3","222798059c15b554528d61f8caa04de8fcc2d5cc23997607dc25d851282a6f08","main_preprint.tex:Table 2/tab:hest_results|model=H0-mini|column=READ","H0-mini","h0-mini","hest","hest.h0mini2025.read.gene_expression","hest.read.gene_expression","read","READ morphology-to-gene-expression","spatial_transcriptomics","expression of 50 highly variable genes","spatial_transcriptomics_spot","regression","h0mini2025_ridge_gene_expression_cls_mean","pearson_r","higher","0.2047","not_reported","H0-mini paper HEST protocol; CLS token concatenated with mean patch token as input embedding; Pearson correlation.","https://arxiv.org/abs/2501.16239v3","accepted_public_leaf","Public leaf score under an exact paper-versioned protocol."
"h0mini_arxiv_v3","arxiv:2501.16239v3","222798059c15b554528d61f8caa04de8fcc2d5cc23997607dc25d851282a6f08","main_preprint.tex:Table 2/tab:hest_results|model=H0-mini|column=CCRCC","H0-mini","h0-mini","hest","hest.h0mini2025.ccrcc.gene_expression","hest.ccrcc.gene_expression","ccrcc","CCRCC morphology-to-gene-expression","spatial_transcriptomics","expression of 50 highly variable genes","spatial_transcriptomics_spot","regression","h0mini2025_ridge_gene_expression_cls_mean","pearson_r","higher","0.2643","not_reported","H0-mini paper HEST protocol; CLS token concatenated with mean patch token as input embedding; Pearson correlation.","https://arxiv.org/abs/2501.16239v3","accepted_public_leaf","Public leaf score under an exact paper-versioned protocol."
"h0mini_arxiv_v3","arxiv:2501.16239v3","222798059c15b554528d61f8caa04de8fcc2d5cc23997607dc25d851282a6f08","main_preprint.tex:Table 2/tab:hest_results|model=H0-mini|column=LUAD","H0-mini","h0-mini","hest","hest.h0mini2025.lung.gene_expression","hest.lung.gene_expression","lung","LUAD morphology-to-gene-expression","spatial_transcriptomics","expression of 50 highly variable genes","spatial_transcriptomics_spot","regression","h0mini2025_ridge_gene_expression_cls_mean","pearson_r","higher","0.5633","not_reported","H0-mini paper HEST protocol; CLS token concatenated with mean patch token as input embedding; Pearson correlation.","https://arxiv.org/abs/2501.16239v3","accepted_public_leaf","Public leaf score under an exact paper-versioned protocol."
"h0mini_arxiv_v3","arxiv:2501.16239v3","222798059c15b554528d61f8caa04de8fcc2d5cc23997607dc25d851282a6f08","main_preprint.tex:Table 2/tab:hest_results|model=H0-mini|column=L. IDC","H0-mini","h0-mini","hest","hest.h0mini2025.lymph_idc.gene_expression","hest.lymph_idc.gene_expression","lymph_idc","L. IDC morphology-to-gene-expression","spatial_transcriptomics","expression of 50 highly variable genes","spatial_transcriptomics_spot","regression","h0mini2025_ridge_gene_expression_cls_mean","pearson_r","higher","0.2640","not_reported","H0-mini paper HEST protocol; CLS token concatenated with mean patch token as input embedding; Pearson correlation.","https://arxiv.org/abs/2501.16239v3","accepted_public_leaf","Public leaf score under an exact paper-versioned protocol."
"h0mini_arxiv_v3","arxiv:2501.16239v3","222798059c15b554528d61f8caa04de8fcc2d5cc23997607dc25d851282a6f08","main_preprint.tex:Table 2/tab:hest_results|model=UNI2-h|column=Mean","UNI2-h","uni2-h","hest","hest.h0mini2025.aggregate.mean","","aggregate","HEST mean","aggregate","derived mean","model","aggregate","mean","mean_pearson_r","higher",".4292","not_reported","Paper-reported convenience average across nine HEST tasks.","https://arxiv.org/abs/2501.16239v3","excluded_derived_aggregate","Derived summary is not an independent benchmark task."
"h0mini_arxiv_v3","arxiv:2501.16239v3","222798059c15b554528d61f8caa04de8fcc2d5cc23997607dc25d851282a6f08","main_preprint.tex:Table 2/tab:hest_results|model=H0-mini|column=Mean","H0-mini","h0-mini","hest","hest.h0mini2025.aggregate.mean","","aggregate","HEST mean","aggregate","derived mean","model","aggregate","mean","mean_pearson_r","higher",".4044","not_reported","Paper-reported convenience average across nine HEST tasks.","https://arxiv.org/abs/2501.16239v3","excluded_derived_aggregate","Derived summary is not an independent benchmark task."
"h0mini_arxiv_v3","arxiv:2501.16239v3","222798059c15b554528d61f8caa04de8fcc2d5cc23997607dc25d851282a6f08","main_preprint.tex:Table 3/tab:plism_results|model=H0-mini|context=fixed-staining cross-scanner|metric=cosine_similarity_median","H0-mini","h0-mini","plism","plism.h0mini2025.fixed_staining_cross_scanner.cosine_similarity","","plism_fixed_staining_cross_scanner","PLISM fixed-staining cross-scanner cosine similarity median","representation_robustness","matched-tile embedding robustness","registered_slide_pair","robustness_analysis","fixed_staining_cross_scanner","cosine_similarity","higher","0.92","interquartile_range=0.06","H0-mini paper PLISM protocol; median over corresponding public slide pairs with IQR; cosine similarity or matched-tile top-10 retrieval accuracy.","https://arxiv.org/abs/2501.16239v3","accepted_public_leaf","Public leaf score under an exact paper-versioned context. The final table header has a conflicting down-arrow typo; metric definition, prose, and bolding establish higher is better."
"h0mini_arxiv_v3","arxiv:2501.16239v3","222798059c15b554528d61f8caa04de8fcc2d5cc23997607dc25d851282a6f08","main_preprint.tex:Table 3/tab:plism_results|model=H0-mini|context=fixed-staining cross-scanner|metric=top10_accuracy_median","H0-mini","h0-mini","plism","plism.h0mini2025.fixed_staining_cross_scanner.top10_accuracy","","plism_fixed_staining_cross_scanner","PLISM fixed-staining cross-scanner top10 accuracy median","representation_robustness","matched-tile embedding robustness","registered_slide_pair","robustness_analysis","fixed_staining_cross_scanner","top10_accuracy","higher","0.86","interquartile_range=0.28","H0-mini paper PLISM protocol; median over corresponding public slide pairs with IQR; cosine similarity or matched-tile top-10 retrieval accuracy.","https://arxiv.org/abs/2501.16239v3","accepted_public_leaf","Public leaf score under an exact paper-versioned context. The final table header has a conflicting down-arrow typo; metric definition, prose, and bolding establish higher is better."
"h0mini_arxiv_v3","arxiv:2501.16239v3","222798059c15b554528d61f8caa04de8fcc2d5cc23997607dc25d851282a6f08","main_preprint.tex:Table 3/tab:plism_results|model=H0-mini|context=fixed-scanner cross-staining|metric=cosine_similarity_median","H0-mini","h0-mini","plism","plism.h0mini2025.fixed_scanner_cross_staining.cosine_similarity","","plism_fixed_scanner_cross_staining","PLISM fixed-scanner cross-staining cosine similarity median","representation_robustness","matched-tile embedding robustness","registered_slide_pair","robustness_analysis","fixed_scanner_cross_staining","cosine_similarity","higher","0.83","interquartile_range=0.09","H0-mini paper PLISM protocol; median over corresponding public slide pairs with IQR; cosine similarity or matched-tile top-10 retrieval accuracy.","https://arxiv.org/abs/2501.16239v3","accepted_public_leaf","Public leaf score under an exact paper-versioned context. The final table header has a conflicting down-arrow typo; metric definition, prose, and bolding establish higher is better."
"h0mini_arxiv_v3","arxiv:2501.16239v3","222798059c15b554528d61f8caa04de8fcc2d5cc23997607dc25d851282a6f08","main_preprint.tex:Table 3/tab:plism_results|model=H0-mini|context=fixed-scanner cross-staining|metric=top10_accuracy_median","H0-mini","h0-mini","plism","plism.h0mini2025.fixed_scanner_cross_staining.top10_accuracy","","plism_fixed_scanner_cross_staining","PLISM fixed-scanner cross-staining top10 accuracy median","representation_robustness","matched-tile embedding robustness","registered_slide_pair","robustness_analysis","fixed_scanner_cross_staining","top10_accuracy","higher","0.32","interquartile_range=0.33","H0-mini paper PLISM protocol; median over corresponding public slide pairs with IQR; cosine similarity or matched-tile top-10 retrieval accuracy.","https://arxiv.org/abs/2501.16239v3","accepted_public_leaf","Public leaf score under an exact paper-versioned context. The final table header has a conflicting down-arrow typo; metric definition, prose, and bolding establish higher is better."
"h0mini_arxiv_v3","arxiv:2501.16239v3","222798059c15b554528d61f8caa04de8fcc2d5cc23997607dc25d851282a6f08","main_preprint.tex:Table 3/tab:plism_results|model=H0-mini|context=cross-staining cross-scanner|metric=cosine_similarity_median","H0-mini","h0-mini","plism","plism.h0mini2025.cross_staining_cross_scanner.cosine_similarity","","plism_cross_staining_cross_scanner","PLISM cross-staining cross-scanner cosine similarity median","representation_robustness","matched-tile embedding robustness","registered_slide_pair","robustness_analysis","cross_staining_cross_scanner","cosine_similarity","higher","0.79","interquartile_range=0.11","H0-mini paper PLISM protocol; median over corresponding public slide pairs with IQR; cosine similarity or matched-tile top-10 retrieval accuracy.","https://arxiv.org/abs/2501.16239v3","accepted_public_leaf","Public leaf score under an exact paper-versioned context. The final table header has a conflicting down-arrow typo; metric definition, prose, and bolding establish higher is better."
"h0mini_arxiv_v3","arxiv:2501.16239v3","222798059c15b554528d61f8caa04de8fcc2d5cc23997607dc25d851282a6f08","main_preprint.tex:Table 3/tab:plism_results|model=H0-mini|context=cross-staining cross-scanner|metric=top10_accuracy_median","H0-mini","h0-mini","plism","plism.h0mini2025.cross_staining_cross_scanner.top10_accuracy","","plism_cross_staining_cross_scanner","PLISM cross-staining cross-scanner top10 accuracy median","representation_robustness","matched-tile embedding robustness","registered_slide_pair","robustness_analysis","cross_staining_cross_scanner","top10_accuracy","higher","0.18","interquartile_range=0.25","H0-mini paper PLISM protocol; median over corresponding public slide pairs with IQR; cosine similarity or matched-tile top-10 retrieval accuracy.","https://arxiv.org/abs/2501.16239v3","accepted_public_leaf","Public leaf score under an exact paper-versioned context. The final table header has a conflicting down-arrow typo; metric definition, prose, and bolding establish higher is better."
"h0mini_arxiv_v3","arxiv:2501.16239v3","222798059c15b554528d61f8caa04de8fcc2d5cc23997607dc25d851282a6f08","main_preprint.tex:Table 3/tab:plism_results|model=UNI2-h|context=fixed-staining cross-scanner|metric=cosine_similarity_median","UNI2-h","uni2-h","plism","plism.h0mini2025.fixed_staining_cross_scanner.cosine_similarity","","plism_fixed_staining_cross_scanner","PLISM fixed-staining cross-scanner cosine similarity median","representation_robustness","matched-tile embedding robustness","registered_slide_pair","robustness_analysis","fixed_staining_cross_scanner","cosine_similarity","higher","0.76","interquartile_range=0.17","H0-mini paper PLISM protocol; median over corresponding public slide pairs with IQR; cosine similarity or matched-tile top-10 retrieval accuracy.","https://arxiv.org/abs/2501.16239v3","accepted_public_leaf","Public leaf score under an exact paper-versioned context. The final table header has a conflicting down-arrow typo; metric definition, prose, and bolding establish higher is better."
"h0mini_arxiv_v3","arxiv:2501.16239v3","222798059c15b554528d61f8caa04de8fcc2d5cc23997607dc25d851282a6f08","main_preprint.tex:Table 3/tab:plism_results|model=UNI2-h|context=fixed-staining cross-scanner|metric=top10_accuracy_median","UNI2-h","uni2-h","plism","plism.h0mini2025.fixed_staining_cross_scanner.top10_accuracy","","plism_fixed_staining_cross_scanner","PLISM fixed-staining cross-scanner top10 accuracy median","representation_robustness","matched-tile embedding robustness","registered_slide_pair","robustness_analysis","fixed_staining_cross_scanner","top10_accuracy","higher","0.50","interquartile_range=0.56","H0-mini paper PLISM protocol; median over corresponding public slide pairs with IQR; cosine similarity or matched-tile top-10 retrieval accuracy.","https://arxiv.org/abs/2501.16239v3","accepted_public_leaf","Public leaf score under an exact paper-versioned context. The final table header has a conflicting down-arrow typo; metric definition, prose, and bolding establish higher is better."
"h0mini_arxiv_v3","arxiv:2501.16239v3","222798059c15b554528d61f8caa04de8fcc2d5cc23997607dc25d851282a6f08","main_preprint.tex:Table 3/tab:plism_results|model=UNI2-h|context=fixed-scanner cross-staining|metric=cosine_similarity_median","UNI2-h","uni2-h","plism","plism.h0mini2025.fixed_scanner_cross_staining.cosine_similarity","","plism_fixed_scanner_cross_staining","PLISM fixed-scanner cross-staining cosine similarity median","representation_robustness","matched-tile embedding robustness","registered_slide_pair","robustness_analysis","fixed_scanner_cross_staining","cosine_similarity","higher","0.68","interquartile_range=0.13","H0-mini paper PLISM protocol; median over corresponding public slide pairs with IQR; cosine similarity or matched-tile top-10 retrieval accuracy.","https://arxiv.org/abs/2501.16239v3","accepted_public_leaf","Public leaf score under an exact paper-versioned context. The final table header has a conflicting down-arrow typo; metric definition, prose, and bolding establish higher is better."
"h0mini_arxiv_v3","arxiv:2501.16239v3","222798059c15b554528d61f8caa04de8fcc2d5cc23997607dc25d851282a6f08","main_preprint.tex:Table 3/tab:plism_results|model=UNI2-h|context=fixed-scanner cross-staining|metric=top10_accuracy_median","UNI2-h","uni2-h","plism","plism.h0mini2025.fixed_scanner_cross_staining.top10_accuracy","","plism_fixed_scanner_cross_staining","PLISM fixed-scanner cross-staining top10 accuracy median","representation_robustness","matched-tile embedding robustness","registered_slide_pair","robustness_analysis","fixed_scanner_cross_staining","top10_accuracy","higher","0.19","interquartile_range=0.25","H0-mini paper PLISM protocol; median over corresponding public slide pairs with IQR; cosine similarity or matched-tile top-10 retrieval accuracy.","https://arxiv.org/abs/2501.16239v3","accepted_public_leaf","Public leaf score under an exact paper-versioned context. The final table header has a conflicting down-arrow typo; metric definition, prose, and bolding establish higher is better."
"h0mini_arxiv_v3","arxiv:2501.16239v3","222798059c15b554528d61f8caa04de8fcc2d5cc23997607dc25d851282a6f08","main_preprint.tex:Table 3/tab:plism_results|model=UNI2-h|context=cross-staining cross-scanner|metric=cosine_similarity_median","UNI2-h","uni2-h","plism","plism.h0mini2025.cross_staining_cross_scanner.cosine_similarity","","plism_cross_staining_cross_scanner","PLISM cross-staining cross-scanner cosine similarity median","representation_robustness","matched-tile embedding robustness","registered_slide_pair","robustness_analysis","cross_staining_cross_scanner","cosine_similarity","higher","0.56","interquartile_range=0.17","H0-mini paper PLISM protocol; median over corresponding public slide pairs with IQR; cosine similarity or matched-tile top-10 retrieval accuracy.","https://arxiv.org/abs/2501.16239v3","accepted_public_leaf","Public leaf score under an exact paper-versioned context. The final table header has a conflicting down-arrow typo; metric definition, prose, and bolding establish higher is better."
"h0mini_arxiv_v3","arxiv:2501.16239v3","222798059c15b554528d61f8caa04de8fcc2d5cc23997607dc25d851282a6f08","main_preprint.tex:Table 3/tab:plism_results|model=UNI2-h|context=cross-staining cross-scanner|metric=top10_accuracy_median","UNI2-h","uni2-h","plism","plism.h0mini2025.cross_staining_cross_scanner.top10_accuracy","","plism_cross_staining_cross_scanner","PLISM cross-staining cross-scanner top10 accuracy median","representation_robustness","matched-tile embedding robustness","registered_slide_pair","robustness_analysis","cross_staining_cross_scanner","top10_accuracy","higher","0.05","interquartile_range=0.10","H0-mini paper PLISM protocol; median over corresponding public slide pairs with IQR; cosine similarity or matched-tile top-10 retrieval accuracy.","https://arxiv.org/abs/2501.16239v3","accepted_public_leaf","Public leaf score under an exact paper-versioned context. The final table header has a conflicting down-arrow typo; metric definition, prose, and bolding establish higher is better."
"h0mini_arxiv_v3","arxiv:2501.16239v3","222798059c15b554528d61f8caa04de8fcc2d5cc23997607dc25d851282a6f08","main_preprint.tex:Table 4/tab:brca_results|model=H0-mini|task=gbrca|cohort=clb|metric=auc","H0-mini","h0-mini","breastbm_private","breastbm.h0mini2025.gbrca.clb.auc","","breastbm_clb","BreastBm gbrca clb auc","biomarker_prediction_robustness","gbrca","slide","classification","clb","auc","higher",".69","standard_error=0.02","H0-mini paper BreastBm protocol on private multi-scanner, multi-staining cohorts.","https://arxiv.org/abs/2501.16239v3","quarantined_private_cohort","Private cohort; retained only for source audit and excluded from public registry."
"h0mini_arxiv_v3","arxiv:2501.16239v3","222798059c15b554528d61f8caa04de8fcc2d5cc23997607dc25d851282a6f08","main_preprint.tex:Table 4/tab:brca_results|model=H0-mini|task=gbrca|cohort=curimeta|metric=auc","H0-mini","h0-mini","breastbm_private","breastbm.h0mini2025.gbrca.curimeta.auc","","breastbm_curimeta","BreastBm gbrca curimeta auc","biomarker_prediction_robustness","gbrca","slide","classification","curimeta","auc","higher",".69","standard_error=0.01","H0-mini paper BreastBm protocol on private multi-scanner, multi-staining cohorts.","https://arxiv.org/abs/2501.16239v3","quarantined_private_cohort","Private cohort; retained only for source audit and excluded from public registry."
"h0mini_arxiv_v3","arxiv:2501.16239v3","222798059c15b554528d61f8caa04de8fcc2d5cc23997607dc25d851282a6f08","main_preprint.tex:Table 4/tab:brca_results|model=H0-mini|task=gbrca|cohort=clb|metric=ccc","H0-mini","h0-mini","breastbm_private","breastbm.h0mini2025.gbrca.clb.ccc","","breastbm_clb","BreastBm gbrca clb ccc","biomarker_prediction_robustness","gbrca","slide","robustness_analysis","clb","ccc","higher",".92","standard_error=0.03","H0-mini paper BreastBm protocol on private multi-scanner, multi-staining cohorts.","https://arxiv.org/abs/2501.16239v3","quarantined_private_cohort","Private cohort; retained only for source audit and excluded from public registry."
"h0mini_arxiv_v3","arxiv:2501.16239v3","222798059c15b554528d61f8caa04de8fcc2d5cc23997607dc25d851282a6f08","main_preprint.tex:Table 4/tab:brca_results|model=H0-mini|task=gbrca|cohort=curimeta|metric=ccc","H0-mini","h0-mini","breastbm_private","breastbm.h0mini2025.gbrca.curimeta.ccc","","breastbm_curimeta","BreastBm gbrca curimeta ccc","biomarker_prediction_robustness","gbrca","slide","robustness_analysis","curimeta","ccc","higher",".88","confidence_interval=0.84-0.91","H0-mini paper BreastBm protocol on private multi-scanner, multi-staining cohorts.","https://arxiv.org/abs/2501.16239v3","quarantined_private_cohort","Private cohort; retained only for source audit and excluded from public registry."
"h0mini_arxiv_v3","arxiv:2501.16239v3","222798059c15b554528d61f8caa04de8fcc2d5cc23997607dc25d851282a6f08","main_preprint.tex:Table 4/tab:brca_results|model=H0-mini|task=er|cohort=clb|metric=auc","H0-mini","h0-mini","breastbm_private","breastbm.h0mini2025.er.clb.auc","","breastbm_clb","BreastBm er clb auc","biomarker_prediction_robustness","er","slide","classification","clb","auc","higher",".95","standard_error=0.00","H0-mini paper BreastBm protocol on private multi-scanner, multi-staining cohorts.","https://arxiv.org/abs/2501.16239v3","quarantined_private_cohort","Private cohort; retained only for source audit and excluded from public registry."
"h0mini_arxiv_v3","arxiv:2501.16239v3","222798059c15b554528d61f8caa04de8fcc2d5cc23997607dc25d851282a6f08","main_preprint.tex:Table 4/tab:brca_results|model=H0-mini|task=er|cohort=gr|metric=auc","H0-mini","h0-mini","breastbm_private","breastbm.h0mini2025.er.gr.auc","","breastbm_gr","BreastBm er gr auc","biomarker_prediction_robustness","er","slide","classification","gr","auc","higher",".76","standard_error=0.02","H0-mini paper BreastBm protocol on private multi-scanner, multi-staining cohorts.","https://arxiv.org/abs/2501.16239v3","quarantined_private_cohort","Private cohort; retained only for source audit and excluded from public registry."
"h0mini_arxiv_v3","arxiv:2501.16239v3","222798059c15b554528d61f8caa04de8fcc2d5cc23997607dc25d851282a6f08","main_preprint.tex:Table 4/tab:brca_results|model=H0-mini|task=er|cohort=curimeta|metric=auc","H0-mini","h0-mini","breastbm_private","breastbm.h0mini2025.er.curimeta.auc","","breastbm_curimeta","BreastBm er curimeta auc","biomarker_prediction_robustness","er","slide","classification","curimeta","auc","higher",".88","standard_error=0.00","H0-mini paper BreastBm protocol on private multi-scanner, multi-staining cohorts.","https://arxiv.org/abs/2501.16239v3","quarantined_private_cohort","Private cohort; retained only for source audit and excluded from public registry."
"h0mini_arxiv_v3","arxiv:2501.16239v3","222798059c15b554528d61f8caa04de8fcc2d5cc23997607dc25d851282a6f08","main_preprint.tex:Table 4/tab:brca_results|model=H0-mini|task=er|cohort=clb|metric=ccc","H0-mini","h0-mini","breastbm_private","breastbm.h0mini2025.er.clb.ccc","","breastbm_clb","BreastBm er clb ccc","biomarker_prediction_robustness","er","slide","robustness_analysis","clb","ccc","higher",".97","standard_error=0.02","H0-mini paper BreastBm protocol on private multi-scanner, multi-staining cohorts.","https://arxiv.org/abs/2501.16239v3","quarantined_private_cohort","Private cohort; retained only for source audit and excluded from public registry."
"h0mini_arxiv_v3","arxiv:2501.16239v3","222798059c15b554528d61f8caa04de8fcc2d5cc23997607dc25d851282a6f08","main_preprint.tex:Table 4/tab:brca_results|model=H0-mini|task=er|cohort=gr|metric=ccc","H0-mini","h0-mini","breastbm_private","breastbm.h0mini2025.er.gr.ccc","","breastbm_gr","BreastBm er gr ccc","biomarker_prediction_robustness","er","slide","robustness_analysis","gr","ccc","higher",".82","standard_error=0.08","H0-mini paper BreastBm protocol on private multi-scanner, multi-staining cohorts.","https://arxiv.org/abs/2501.16239v3","quarantined_private_cohort","Private cohort; retained only for source audit and excluded from public registry."
"h0mini_arxiv_v3","arxiv:2501.16239v3","222798059c15b554528d61f8caa04de8fcc2d5cc23997607dc25d851282a6f08","main_preprint.tex:Table 4/tab:brca_results|model=H0-mini|task=er|cohort=curimeta|metric=ccc","H0-mini","h0-mini","breastbm_private","breastbm.h0mini2025.er.curimeta.ccc","","breastbm_curimeta","BreastBm er curimeta ccc","biomarker_prediction_robustness","er","slide","robustness_analysis","curimeta","ccc","higher",".98","confidence_interval=0.97-0.98","H0-mini paper BreastBm protocol on private multi-scanner, multi-staining cohorts.","https://arxiv.org/abs/2501.16239v3","quarantined_private_cohort","Private cohort; retained only for source audit and excluded from public registry."
"h0mini_arxiv_v3","arxiv:2501.16239v3","222798059c15b554528d61f8caa04de8fcc2d5cc23997607dc25d851282a6f08","main_preprint.tex:Table 4/tab:brca_results|model=H0-mini|task=pr|cohort=clb|metric=auc","H0-mini","h0-mini","breastbm_private","breastbm.h0mini2025.pr.clb.auc","","breastbm_clb","BreastBm pr clb auc","biomarker_prediction_robustness","pr","slide","classification","clb","auc","higher",".89","standard_error=0.01","H0-mini paper BreastBm protocol on private multi-scanner, multi-staining cohorts.","https://arxiv.org/abs/2501.16239v3","quarantined_private_cohort","Private cohort; retained only for source audit and excluded from public registry."
"h0mini_arxiv_v3","arxiv:2501.16239v3","222798059c15b554528d61f8caa04de8fcc2d5cc23997607dc25d851282a6f08","main_preprint.tex:Table 4/tab:brca_results|model=H0-mini|task=pr|cohort=gr|metric=auc","H0-mini","h0-mini","breastbm_private","breastbm.h0mini2025.pr.gr.auc","","breastbm_gr","BreastBm pr gr auc","biomarker_prediction_robustness","pr","slide","classification","gr","auc","higher",".87","standard_error=0.00","H0-mini paper BreastBm protocol on private multi-scanner, multi-staining cohorts.","https://arxiv.org/abs/2501.16239v3","quarantined_private_cohort","Private cohort; retained only for source audit and excluded from public registry."
"h0mini_arxiv_v3","arxiv:2501.16239v3","222798059c15b554528d61f8caa04de8fcc2d5cc23997607dc25d851282a6f08","main_preprint.tex:Table 4/tab:brca_results|model=H0-mini|task=pr|cohort=curimeta|metric=auc","H0-mini","h0-mini","breastbm_private","breastbm.h0mini2025.pr.curimeta.auc","","breastbm_curimeta","BreastBm pr curimeta auc","biomarker_prediction_robustness","pr","slide","classification","curimeta","auc","higher",".69","standard_error=0.01","H0-mini paper BreastBm protocol on private multi-scanner, multi-staining cohorts.","https://arxiv.org/abs/2501.16239v3","quarantined_private_cohort","Private cohort; retained only for source audit and excluded from public registry."
"h0mini_arxiv_v3","arxiv:2501.16239v3","222798059c15b554528d61f8caa04de8fcc2d5cc23997607dc25d851282a6f08","main_preprint.tex:Table 4/tab:brca_results|model=H0-mini|task=pr|cohort=clb|metric=ccc","H0-mini","h0-mini","breastbm_private","breastbm.h0mini2025.pr.clb.ccc","","breastbm_clb","BreastBm pr clb ccc","biomarker_prediction_robustness","pr","slide","robustness_analysis","clb","ccc","higher",".96","standard_error=0.03","H0-mini paper BreastBm protocol on private multi-scanner, multi-staining cohorts.","https://arxiv.org/abs/2501.16239v3","quarantined_private_cohort","Private cohort; retained only for source audit and excluded from public registry."
"h0mini_arxiv_v3","arxiv:2501.16239v3","222798059c15b554528d61f8caa04de8fcc2d5cc23997607dc25d851282a6f08","main_preprint.tex:Table 4/tab:brca_results|model=H0-mini|task=pr|cohort=gr|metric=ccc","H0-mini","h0-mini","breastbm_private","breastbm.h0mini2025.pr.gr.ccc","","breastbm_gr","BreastBm pr gr ccc","biomarker_prediction_robustness","pr","slide","robustness_analysis","gr","ccc","higher",".78","standard_error=0.10","H0-mini paper BreastBm protocol on private multi-scanner, multi-staining cohorts.","https://arxiv.org/abs/2501.16239v3","quarantined_private_cohort","Private cohort; retained only for source audit and excluded from public registry."
"h0mini_arxiv_v3","arxiv:2501.16239v3","222798059c15b554528d61f8caa04de8fcc2d5cc23997607dc25d851282a6f08","main_preprint.tex:Table 4/tab:brca_results|model=H0-mini|task=pr|cohort=curimeta|metric=ccc","H0-mini","h0-mini","breastbm_private","breastbm.h0mini2025.pr.curimeta.ccc","","breastbm_curimeta","BreastBm pr curimeta ccc","biomarker_prediction_robustness","pr","slide","robustness_analysis","curimeta","ccc","higher",".98","confidence_interval=0.97-0.98","H0-mini paper BreastBm protocol on private multi-scanner, multi-staining cohorts.","https://arxiv.org/abs/2501.16239v3","quarantined_private_cohort","Private cohort; retained only for source audit and excluded from public registry."
"h0mini_arxiv_v3","arxiv:2501.16239v3","222798059c15b554528d61f8caa04de8fcc2d5cc23997607dc25d851282a6f08","main_preprint.tex:Table 4/tab:brca_results|model=H0-mini|task=her2|cohort=gr|metric=auc","H0-mini","h0-mini","breastbm_private","breastbm.h0mini2025.her2.gr.auc","","breastbm_gr","BreastBm her2 gr auc","biomarker_prediction_robustness","her2","slide","classification","gr","auc","higher",".66","standard_error=0.02","H0-mini paper BreastBm protocol on private multi-scanner, multi-staining cohorts.","https://arxiv.org/abs/2501.16239v3","quarantined_private_cohort","Private cohort; retained only for source audit and excluded from public registry."
"h0mini_arxiv_v3","arxiv:2501.16239v3","222798059c15b554528d61f8caa04de8fcc2d5cc23997607dc25d851282a6f08","main_preprint.tex:Table 4/tab:brca_results|model=H0-mini|task=her2|cohort=gr|metric=ccc","H0-mini","h0-mini","breastbm_private","breastbm.h0mini2025.her2.gr.ccc","","breastbm_gr","BreastBm her2 gr ccc","biomarker_prediction_robustness","her2","slide","robustness_analysis","gr","ccc","higher",".74","standard_error=0.14","H0-mini paper BreastBm protocol on private multi-scanner, multi-staining cohorts.","https://arxiv.org/abs/2501.16239v3","quarantined_private_cohort","Private cohort; retained only for source audit and excluded from public registry."
"plism_repo","git:5ec9511893af993f6faa099f093d1924b291aed2","d1715234a41f8da728ad669560bbcfc5253680db3403b400673d6a40a3955a64","README.md:Benchmark table dated 03/03/2025|model=H0-Mini|column=all_pairs cosine_similarity","H0-Mini","h0-mini","plism","plism.repo2025.all_pairs.cosine_similarity","","plism_all_pairs","PLISM all pairs cosine similarity","representation_robustness","matched-tile embedding robustness","registered_slide_pair","robustness_analysis","all_pairs","cosine_similarity","higher","0.800","not_reported","PLISM repository leaderboard dated 2025-03-03; 4,095 unique public slide pairs; all-pairs cosine similarity and context-specific matched-tile top-10 accuracy.","https://github.com/owkin/plism-benchmark/blob/5ec9511893af993f6faa099f093d1924b291aed2/README.md","accepted_public_leaf","Public leaf score under the pinned repository leaderboard version; not merged with the earlier paper table."
"plism_repo","git:5ec9511893af993f6faa099f093d1924b291aed2","d1715234a41f8da728ad669560bbcfc5253680db3403b400673d6a40a3955a64","README.md:Benchmark table dated 03/03/2025|model=H0-Mini|column=fixed_staining_cross_scanner top10_accuracy","H0-Mini","h0-mini","plism","plism.repo2025.fixed_staining_cross_scanner.top10_accuracy","","plism_fixed_staining_cross_scanner","PLISM fixed staining cross scanner top10 accuracy","representation_robustness","matched-tile embedding robustness","registered_slide_pair","robustness_analysis","fixed_staining_cross_scanner","top10_accuracy","higher","0.864","not_reported","PLISM repository leaderboard dated 2025-03-03; 4,095 unique public slide pairs; all-pairs cosine similarity and context-specific matched-tile top-10 accuracy.","https://github.com/owkin/plism-benchmark/blob/5ec9511893af993f6faa099f093d1924b291aed2/README.md","accepted_public_leaf","Public leaf score under the pinned repository leaderboard version; not merged with the earlier paper table."
"plism_repo","git:5ec9511893af993f6faa099f093d1924b291aed2","d1715234a41f8da728ad669560bbcfc5253680db3403b400673d6a40a3955a64","README.md:Benchmark table dated 03/03/2025|model=H0-Mini|column=fixed_scanner_cross_staining top10_accuracy","H0-Mini","h0-mini","plism","plism.repo2025.fixed_scanner_cross_staining.top10_accuracy","","plism_fixed_scanner_cross_staining","PLISM fixed scanner cross staining top10 accuracy","representation_robustness","matched-tile embedding robustness","registered_slide_pair","robustness_analysis","fixed_scanner_cross_staining","top10_accuracy","higher","0.318","not_reported","PLISM repository leaderboard dated 2025-03-03; 4,095 unique public slide pairs; all-pairs cosine similarity and context-specific matched-tile top-10 accuracy.","https://github.com/owkin/plism-benchmark/blob/5ec9511893af993f6faa099f093d1924b291aed2/README.md","accepted_public_leaf","Public leaf score under the pinned repository leaderboard version; not merged with the earlier paper table."
"plism_repo","git:5ec9511893af993f6faa099f093d1924b291aed2","d1715234a41f8da728ad669560bbcfc5253680db3403b400673d6a40a3955a64","README.md:Benchmark table dated 03/03/2025|model=H0-Mini|column=cross_staining_cross_scanner top10_accuracy","H0-Mini","h0-mini","plism","plism.repo2025.cross_staining_cross_scanner.top10_accuracy","","plism_cross_staining_cross_scanner","PLISM cross staining cross scanner top10 accuracy","representation_robustness","matched-tile embedding robustness","registered_slide_pair","robustness_analysis","cross_staining_cross_scanner","top10_accuracy","higher","0.183","not_reported","PLISM repository leaderboard dated 2025-03-03; 4,095 unique public slide pairs; all-pairs cosine similarity and context-specific matched-tile top-10 accuracy.","https://github.com/owkin/plism-benchmark/blob/5ec9511893af993f6faa099f093d1924b291aed2/README.md","accepted_public_leaf","Public leaf score under the pinned repository leaderboard version; not merged with the earlier paper table."
"plism_repo","git:5ec9511893af993f6faa099f093d1924b291aed2","d1715234a41f8da728ad669560bbcfc5253680db3403b400673d6a40a3955a64","README.md:Benchmark table dated 03/03/2025|model=UNI2-h|column=all_pairs cosine_similarity","UNI2-h","uni2-h","plism","plism.repo2025.all_pairs.cosine_similarity","","plism_all_pairs","PLISM all pairs cosine similarity","representation_robustness","matched-tile embedding robustness","registered_slide_pair","robustness_analysis","all_pairs","cosine_similarity","higher","0.591","not_reported","PLISM repository leaderboard dated 2025-03-03; 4,095 unique public slide pairs; all-pairs cosine similarity and context-specific matched-tile top-10 accuracy.","https://github.com/owkin/plism-benchmark/blob/5ec9511893af993f6faa099f093d1924b291aed2/README.md","accepted_public_leaf","Public leaf score under the pinned repository leaderboard version; not merged with the earlier paper table."
"plism_repo","git:5ec9511893af993f6faa099f093d1924b291aed2","d1715234a41f8da728ad669560bbcfc5253680db3403b400673d6a40a3955a64","README.md:Benchmark table dated 03/03/2025|model=UNI2-h|column=fixed_staining_cross_scanner top10_accuracy","UNI2-h","uni2-h","plism","plism.repo2025.fixed_staining_cross_scanner.top10_accuracy","","plism_fixed_staining_cross_scanner","PLISM fixed staining cross scanner top10 accuracy","representation_robustness","matched-tile embedding robustness","registered_slide_pair","robustness_analysis","fixed_staining_cross_scanner","top10_accuracy","higher","0.501","not_reported","PLISM repository leaderboard dated 2025-03-03; 4,095 unique public slide pairs; all-pairs cosine similarity and context-specific matched-tile top-10 accuracy.","https://github.com/owkin/plism-benchmark/blob/5ec9511893af993f6faa099f093d1924b291aed2/README.md","accepted_public_leaf","Public leaf score under the pinned repository leaderboard version; not merged with the earlier paper table."
"plism_repo","git:5ec9511893af993f6faa099f093d1924b291aed2","d1715234a41f8da728ad669560bbcfc5253680db3403b400673d6a40a3955a64","README.md:Benchmark table dated 03/03/2025|model=UNI2-h|column=fixed_scanner_cross_staining top10_accuracy","UNI2-h","uni2-h","plism","plism.repo2025.fixed_scanner_cross_staining.top10_accuracy","","plism_fixed_scanner_cross_staining","PLISM fixed scanner cross staining top10 accuracy","representation_robustness","matched-tile embedding robustness","registered_slide_pair","robustness_analysis","fixed_scanner_cross_staining","top10_accuracy","higher","0.190","not_reported","PLISM repository leaderboard dated 2025-03-03; 4,095 unique public slide pairs; all-pairs cosine similarity and context-specific matched-tile top-10 accuracy.","https://github.com/owkin/plism-benchmark/blob/5ec9511893af993f6faa099f093d1924b291aed2/README.md","accepted_public_leaf","Public leaf score under the pinned repository leaderboard version; not merged with the earlier paper table."
"plism_repo","git:5ec9511893af993f6faa099f093d1924b291aed2","d1715234a41f8da728ad669560bbcfc5253680db3403b400673d6a40a3955a64","README.md:Benchmark table dated 03/03/2025|model=UNI2-h|column=cross_staining_cross_scanner top10_accuracy","UNI2-h","uni2-h","plism","plism.repo2025.cross_staining_cross_scanner.top10_accuracy","","plism_cross_staining_cross_scanner","PLISM cross staining cross scanner top10 accuracy","representation_robustness","matched-tile embedding robustness","registered_slide_pair","robustness_analysis","cross_staining_cross_scanner","top10_accuracy","higher","0.046","not_reported","PLISM repository leaderboard dated 2025-03-03; 4,095 unique public slide pairs; all-pairs cosine similarity and context-specific matched-tile top-10 accuracy.","https://github.com/owkin/plism-benchmark/blob/5ec9511893af993f6faa099f093d1924b291aed2/README.md","accepted_public_leaf","Public leaf score under the pinned repository leaderboard version; not merged with the earlier paper table."
"plism_repo","git:5ec9511893af993f6faa099f093d1924b291aed2","d1715234a41f8da728ad669560bbcfc5253680db3403b400673d6a40a3955a64","README.md:Benchmark table dated 03/03/2025|model=H0-Mini|column=Leaderboard metric","H0-Mini","h0-mini","plism","plism.repo2025.aggregate.leaderboard_metric","","aggregate","PLISM leaderboard metric","aggregate","derived mean","model","aggregate","mean","mean_reported_score","higher",".541","not_reported","Arithmetic mean of four PLISM leaderboard metrics.","https://github.com/owkin/plism-benchmark/blob/5ec9511893af993f6faa099f093d1924b291aed2/README.md","excluded_derived_aggregate","Derived summary and rank are not independent benchmark tasks."
"plism_repo","git:5ec9511893af993f6faa099f093d1924b291aed2","d1715234a41f8da728ad669560bbcfc5253680db3403b400673d6a40a3955a64","README.md:Benchmark table dated 03/03/2025|model=UNI2-h|column=Leaderboard metric","UNI2-h","uni2-h","plism","plism.repo2025.aggregate.leaderboard_metric","","aggregate","PLISM leaderboard metric","aggregate","derived mean","model","aggregate","mean","mean_reported_score","higher",".332","not_reported","Arithmetic mean of four PLISM leaderboard metrics.","https://github.com/owkin/plism-benchmark/blob/5ec9511893af993f6faa099f093d1924b291aed2/README.md","excluded_derived_aggregate","Derived summary and rank are not independent benchmark tasks."
"uni_official_repo","git:42715efc11722a496e0a67f3369505a8f277206c","4ac024c83dbcdc39987a81f4983474b0e6c6f15352226677809a6fb492f9cdb8","README.md:Benchmarking UNI 2/ROI Benchmarks|model=UNI2-h|column=CRC-100K-Raw","UNI2-h","uni2-h","uni2_benchmark","uni2repo2026.crc100k_raw.reported_performance","","crc100k_raw","CRC-100K-Raw reported performance","classification","nine-class tissue label","image","classification","roi_benchmark","reported_performance_score","higher",".957","not_reported","Official UNI repository benchmark; global representation without test-time augmentation; sweep learning rates 1e-5, 5e-5, 1e-4 and report test performance selected by validation. Source does not name endpoint-specific metrics.","https://github.com/mahmoodlab/UNI/blob/42715efc11722a496e0a67f3369505a8f277206c/README.md","accepted_public_metric_unspecified","Public leaf cell retained in raw registry, but normalized_score is blank and factor analysis is ineligible because the source does not name the metric."
"uni_official_repo","git:42715efc11722a496e0a67f3369505a8f277206c","4ac024c83dbcdc39987a81f4983474b0e6c6f15352226677809a6fb492f9cdb8","README.md:Benchmarking UNI 2/ROI Benchmarks|model=UNI2-h|column=TCGA Uniform Tumor","UNI2-h","uni2-h","uni2_benchmark","uni2repo2026.tcga_uniform_tumor.reported_performance","","tcga_uniform_tumor","TCGA Uniform Tumor reported performance","classification","32-class tumor label","image","classification","roi_benchmark","reported_performance_score","higher",".675","not_reported","Official UNI repository benchmark; global representation without test-time augmentation; sweep learning rates 1e-5, 5e-5, 1e-4 and report test performance selected by validation. Source does not name endpoint-specific metrics.","https://github.com/mahmoodlab/UNI/blob/42715efc11722a496e0a67f3369505a8f277206c/README.md","accepted_public_metric_unspecified","Public leaf cell retained in raw registry, but normalized_score is blank and factor analysis is ineligible because the source does not name the metric."
"uni_official_repo","git:42715efc11722a496e0a67f3369505a8f277206c","4ac024c83dbcdc39987a81f4983474b0e6c6f15352226677809a6fb492f9cdb8","README.md:Benchmarking UNI 2/ROI Benchmarks|model=UNI2-h|column=C17-WILDS","UNI2-h","uni2-h","uni2_benchmark","uni2repo2026.c17_wilds.reported_performance","","c17_wilds","C17-WILDS reported performance","classification","binary metastasis label","image","classification","roi_benchmark","reported_performance_score","higher",".977","not_reported","Official UNI repository benchmark; global representation without test-time augmentation; sweep learning rates 1e-5, 5e-5, 1e-4 and report test performance selected by validation. Source does not name endpoint-specific metrics.","https://github.com/mahmoodlab/UNI/blob/42715efc11722a496e0a67f3369505a8f277206c/README.md","accepted_public_metric_unspecified","Public leaf cell retained in raw registry, but normalized_score is blank and factor analysis is ineligible because the source does not name the metric."
"uni_official_repo","git:42715efc11722a496e0a67f3369505a8f277206c","4ac024c83dbcdc39987a81f4983474b0e6c6f15352226677809a6fb492f9cdb8","README.md:Benchmarking UNI 2/ROI Benchmarks|model=UNI2-h|column=Kather MSI","UNI2-h","uni2-h","uni2_benchmark","uni2repo2026.kather_msi.reported_performance","","kather_msi","Kather MSI reported performance","classification","binary MSI label","image","classification","roi_benchmark","reported_performance_score","higher",".722","not_reported","Official UNI repository benchmark; global representation without test-time augmentation; sweep learning rates 1e-5, 5e-5, 1e-4 and report test performance selected by validation. Source does not name endpoint-specific metrics.","https://github.com/mahmoodlab/UNI/blob/42715efc11722a496e0a67f3369505a8f277206c/README.md","accepted_public_metric_unspecified","Public leaf cell retained in raw registry, but normalized_score is blank and factor analysis is ineligible because the source does not name the metric."
"uni_official_repo","git:42715efc11722a496e0a67f3369505a8f277206c","4ac024c83dbcdc39987a81f4983474b0e6c6f15352226677809a6fb492f9cdb8","README.md:Benchmarking UNI 2/Slide Benchmarks|model=UNI2-h|column=EBRAINS","UNI2-h","uni2-h","uni2_benchmark","uni2repo2026.ebrains.reported_performance","","ebrains","EBRAINS reported performance","classification","30-class diagnosis label","slide","classification","slide_benchmark","reported_performance_score","higher",".711","not_reported","Official UNI repository benchmark; global representation without test-time augmentation; sweep learning rates 1e-5, 5e-5, 1e-4 and report test performance selected by validation. Source does not name endpoint-specific metrics.","https://github.com/mahmoodlab/UNI/blob/42715efc11722a496e0a67f3369505a8f277206c/README.md","accepted_public_metric_unspecified","Public leaf cell retained in raw registry, but normalized_score is blank and factor analysis is ineligible because the source does not name the metric."
"uni_official_repo","git:42715efc11722a496e0a67f3369505a8f277206c","4ac024c83dbcdc39987a81f4983474b0e6c6f15352226677809a6fb492f9cdb8","README.md:Benchmarking UNI 2/Slide Benchmarks|model=UNI2-h|column=PANDA","UNI2-h","uni2-h","uni2_benchmark","uni2repo2026.panda.reported_performance","","panda","PANDA reported performance","classification","five-class grade label","slide","classification","slide_benchmark","reported_performance_score","higher",".946","not_reported","Official UNI repository benchmark; global representation without test-time augmentation; sweep learning rates 1e-5, 5e-5, 1e-4 and report test performance selected by validation. Source does not name endpoint-specific metrics.","https://github.com/mahmoodlab/UNI/blob/42715efc11722a496e0a67f3369505a8f277206c/README.md","accepted_public_metric_unspecified","Public leaf cell retained in raw registry, but normalized_score is blank and factor analysis is ineligible because the source does not name the metric."
"uni_official_repo","git:42715efc11722a496e0a67f3369505a8f277206c","4ac024c83dbcdc39987a81f4983474b0e6c6f15352226677809a6fb492f9cdb8","README.md:Benchmarking UNI 2/ROI Benchmarks|model=UNI2-h|column=HEST","UNI2-h","uni2-h","uni2_benchmark","uni2repo2026.hest.aggregate","","hest_aggregate","HEST aggregate","aggregate","derived HEST mean","model","aggregate","mean","reported_performance_score","higher",".414","not_reported","Official UNI repository convenience aggregate over HEST.","https://github.com/mahmoodlab/UNI/blob/42715efc11722a496e0a67f3369505a8f277206c/README.md","excluded_derived_aggregate","Derived summary is not an independent benchmark task."
"uni_official_repo","git:42715efc11722a496e0a67f3369505a8f277206c","4ac024c83dbcdc39987a81f4983474b0e6c6f15352226677809a6fb492f9cdb8","README.md:Benchmarking UNI 2/Slide Benchmarks|model=UNI2-h|column=IHC ER / PR Assess.","UNI2-h","uni2-h","uni2_benchmark","uni2repo2026.ihc_er_pr.reported_performance","","ihc_er_pr_internal","IHC ER/PR assessment","classification","six-class ER/PR assessment","slide","classification","slide_benchmark","reported_performance_score","higher",".794","not_reported","Official UNI repository internal IHC ER/PR assessment.","https://github.com/mahmoodlab/UNI/blob/42715efc11722a496e0a67f3369505a8f277206c/README.md","quarantined_private_cohort","Source labels the cohort Internal; retained only for source audit."
