evaluation_id,suite_id,metric,margin,n_groups,n_pairs,n_correct,n_predicted_ties,accuracy
eva.leaderboard.bach.validation,eva,balanced_accuracy,0.0,30,2776,2257,0,0.8130403458213257
eva.leaderboard.bracs.validation,eva,balanced_accuracy,0.0,30,1763,1362,0,0.7725467952353943
eva.leaderboard.breakhis.validation,eva,balanced_accuracy,0.0,30,2853,2252,0,0.7893445495969156
eva.leaderboard.camelyon16_small.test,eva,balanced_accuracy,0.0,30,2858,2534,0,0.8866340097970609
eva.leaderboard.camelyon16_small.validation,eva,balanced_accuracy,0.0,30,1757,1471,0,0.8372225384177575
eva.leaderboard.consep.validation,eva,dice,0.0,30,2850,2199,0,0.771578947368421
eva.leaderboard.crc.validation,eva,balanced_accuracy,0.0,30,2797,2270,0,0.8115838398283876
eva.leaderboard.gleason_arvaniti.validation,eva,balanced_accuracy,0.0,30,2830,2372,0,0.8381625441696113
eva.leaderboard.mhist.test,eva,balanced_accuracy,0.0,30,2775,1896,0,0.6832432432432433
eva.leaderboard.monusac.test,eva,dice,0.0,30,2791,2290,0,0.8204944464349695
eva.leaderboard.panda_small.test,eva,balanced_accuracy,0.0,30,2870,2345,0,0.8170731707317073
eva.leaderboard.panda_small.validation,eva,balanced_accuracy,0.0,30,1681,1275,0,0.7584770969660916
eva.leaderboard.patch_camelyon.test,eva,balanced_accuracy,0.0,30,2832,2499,0,0.8824152542372882
eva.leaderboard.patch_camelyon.validation,eva,balanced_accuracy,0.0,30,1713,1524,0,0.8896672504378283
eva.leaderboard.patch_camelyon_10shot.test,eva,balanced_accuracy,0.0,30,1761,1502,0,0.8529244747302669
hest.ccrcc.gene_expression,hest,pearson_r,0.0,30,5400,4247,0,0.7864814814814814
hest.coad.gene_expression,hest,pearson_r,0.0,30,5431,4337,0,0.7985638004050819
hest.idc.gene_expression,hest,pearson_r,0.0,30,5401,4727,0,0.8752082947602295
hest.lung.gene_expression,hest,pearson_r,0.0,30,5447,4793,0,0.8799339085735267
hest.lymph_idc.gene_expression,hest,pearson_r,0.0,30,5424,4448,0,0.8200589970501475
hest.paad.gene_expression,hest,pearson_r,0.0,30,5423,4780,0,0.8814309422828692
hest.prad.gene_expression,hest,pearson_r,0.0,30,5438,3964,0,0.728944464876793
hest.read.gene_expression,hest,pearson_r,0.0,30,5433,4918,0,0.9052089085219952
hest.skcm.gene_expression,hest,pearson_r,0.0,30,5416,4757,0,0.8783234859675036
pathobench.exaone2025.bc_therapy.er-status,pathobench,macro-ovr-auc,0.0,30,358,212,0,0.5921787709497207
pathobench.exaone2025.bc_therapy.grade,pathobench,macro-ovr-auc,0.0,28,346,258,0,0.7456647398843931
pathobench.exaone2025.bc_therapy.her2-status,pathobench,macro-ovr-auc,0.0,30,355,262,0,0.7380281690140845
pathobench.exaone2025.bc_therapy.residual-cancer-burden,pathobench,macro-ovr-auc,0.0,28,356,251,0,0.7050561797752809
pathobench.exaone2025.bcnb.er,pathobench,macro-ovr-auc,0.0,27,345,249,0,0.7217391304347827
pathobench.exaone2025.bcnb.her2,pathobench,macro-ovr-auc,0.0,28,322,235,0,0.7298136645962733
pathobench.exaone2025.bcnb.pr,pathobench,macro-ovr-auc,0.0,30,355,281,0,0.7915492957746478
pathobench.exaone2025.boehmk_.pfs,pathobench,cindex,0.0,28,346,227,0,0.6560693641618497
pathobench.exaone2025.bracs.slidelevel-coarse,pathobench,macro-ovr-auc,0.0,28,347,280,0,0.8069164265129684
pathobench.exaone2025.bracs.slidelevel-fine,pathobench,macro-ovr-auc,0.0,28,335,287,0,0.8567164179104477
pathobench.exaone2025.cptac_brca.immune-class,pathobench,macro-ovr-auc,0.0,29,356,261,0,0.7331460674157303
pathobench.exaone2025.cptac_brca.pik3ca-mutation,pathobench,macro-ovr-auc,0.0,28,343,244,0,0.7113702623906706
pathobench.exaone2025.cptac_brca.tp53-mutation,pathobench,macro-ovr-auc,0.0,27,340,265,0,0.7794117647058824
pathobench.exaone2025.cptac_ccrcc.bap1-mutation,pathobench,macro-ovr-auc,0.0,27,343,218,0,0.6355685131195336
pathobench.exaone2025.cptac_ccrcc.immune-class,pathobench,macro-ovr-auc,0.0,27,353,225,0,0.6373937677053825
pathobench.exaone2025.cptac_ccrcc.os,pathobench,cindex,0.0,29,342,201,0,0.5877192982456141
pathobench.exaone2025.cptac_ccrcc.pbrm1-mutation,pathobench,macro-ovr-auc,0.0,27,343,245,0,0.7142857142857143
pathobench.exaone2025.cptac_ccrcc.vhl-mutation,pathobench,macro-ovr-auc,0.0,29,351,196,0,0.5584045584045584
pathobench.exaone2025.cptac_coad.acvr2a-mutation,pathobench,macro-ovr-auc,0.0,25,331,260,0,0.7854984894259819
pathobench.exaone2025.cptac_coad.apc-mutation,pathobench,macro-ovr-auc,0.0,30,366,261,0,0.7131147540983607
pathobench.exaone2025.cptac_coad.arid1a-mutation,pathobench,macro-ovr-auc,0.0,27,345,215,0,0.6231884057971014
pathobench.exaone2025.cptac_coad.immune-class,pathobench,macro-ovr-auc,0.0,30,356,220,0,0.6179775280898876
pathobench.exaone2025.cptac_coad.kras-mutation,pathobench,macro-ovr-auc,0.0,26,333,176,0,0.5285285285285285
pathobench.exaone2025.cptac_coad.msi-h,pathobench,macro-ovr-auc,0.0,28,348,256,0,0.735632183908046
pathobench.exaone2025.cptac_coad.pik3ca-mutation,pathobench,macro-ovr-auc,0.0,30,357,236,0,0.6610644257703081
pathobench.exaone2025.cptac_coad.setd1b-mutation,pathobench,macro-ovr-auc,0.0,29,354,267,0,0.7542372881355932
pathobench.exaone2025.cptac_coad.tp53-mutation,pathobench,macro-ovr-auc,0.0,28,355,283,0,0.7971830985915493
pathobench.exaone2025.cptac_gbm.egfr-mutation,pathobench,macro-ovr-auc,0.0,29,353,268,0,0.7592067988668555
pathobench.exaone2025.cptac_gbm.immune-class,pathobench,macro-ovr-auc,0.0,29,351,253,0,0.7207977207977208
pathobench.exaone2025.cptac_gbm.tp53-mutation,pathobench,macro-ovr-auc,0.0,29,351,263,0,0.7492877492877493
pathobench.exaone2025.cptac_hnsc.casp8-mutation,pathobench,macro-ovr-auc,0.0,28,346,226,0,0.653179190751445
pathobench.exaone2025.cptac_hnsc.histologic-grade,pathobench,macro-ovr-auc,0.0,29,352,273,0,0.7755681818181818
pathobench.exaone2025.cptac_hnsc.immune-class,pathobench,macro-ovr-auc,0.0,29,354,210,0,0.5932203389830508
pathobench.exaone2025.cptac_hnsc.os,pathobench,cindex,0.0,28,332,246,0,0.7409638554216867
pathobench.exaone2025.cptac_lscc.arid1a-mutation,pathobench,macro-ovr-auc,0.0,30,354,260,0,0.7344632768361582
pathobench.exaone2025.cptac_lscc.histologic-grade,pathobench,macro-ovr-auc,0.0,28,327,235,0,0.7186544342507645
pathobench.exaone2025.cptac_lscc.immune-class,pathobench,macro-ovr-auc,0.0,28,328,176,0,0.5365853658536586
pathobench.exaone2025.cptac_lscc.keap1-mutation,pathobench,macro-ovr-auc,0.0,28,354,228,0,0.6440677966101694
pathobench.exaone2025.cptac_luad.egfr-mutation,pathobench,macro-ovr-auc,0.0,30,358,199,0,0.5558659217877095
pathobench.exaone2025.cptac_luad.immune-class,pathobench,macro-ovr-auc,0.0,28,348,232,0,0.6666666666666666
pathobench.exaone2025.cptac_luad.kras-mutation,pathobench,macro-ovr-auc,0.0,28,351,234,0,0.6666666666666666
pathobench.exaone2025.cptac_luad.os,pathobench,cindex,0.0,27,342,247,0,0.7222222222222222
pathobench.exaone2025.cptac_luad.stk11-mutation,pathobench,macro-ovr-auc,0.0,27,331,245,0,0.7401812688821753
pathobench.exaone2025.cptac_luad.tp53-mutation,pathobench,macro-ovr-auc,0.0,29,360,260,0,0.7222222222222222
pathobench.exaone2025.cptac_ov.immune-class,pathobench,macro-ovr-auc,0.0,27,346,226,0,0.653179190751445
pathobench.exaone2025.cptac_pda.immune-class,pathobench,macro-ovr-auc,0.0,30,355,208,0,0.5859154929577465
pathobench.exaone2025.cptac_pda.os,pathobench,cindex,0.0,29,350,264,0,0.7542857142857143
pathobench.exaone2025.cptac_pda.smad4-mutation,pathobench,macro-ovr-auc,0.0,28,342,212,0,0.6198830409356725
pathobench.exaone2025.cptac_ucec.ctnnb1-mutation,pathobench,macro-ovr-auc,0.0,26,329,253,0,0.7689969604863222
pathobench.exaone2025.cptac_ucec.immune-class,pathobench,macro-ovr-auc,0.0,28,353,269,0,0.7620396600566572
pathobench.exaone2025.cptac_ucec.pten-mutation,pathobench,macro-ovr-auc,0.0,29,346,221,0,0.638728323699422
pathobench.exaone2025.ebrains.diagnosis,pathobench,macro-ovr-auc,0.0,28,334,237,0,0.7095808383233533
pathobench.exaone2025.ebrains.diagnosis-group,pathobench,macro-ovr-auc,0.0,28,314,250,0,0.7961783439490446
pathobench.exaone2025.ebrains.idh-status,pathobench,macro-ovr-auc,0.0,30,338,252,0,0.7455621301775148
pathobench.exaone2025.hancook.grading-scc-conventional-keratinizing,pathobench,macro-ovr-auc,0.0,30,339,248,0,0.7315634218289085
pathobench.exaone2025.hancook.grading-scc-conventional-nonkeratinizing,pathobench,macro-ovr-auc,0.0,28,354,284,0,0.8022598870056498
pathobench.exaone2025.hancook.lymphovascular-invasion-l,pathobench,macro-ovr-auc,0.0,28,346,256,0,0.7398843930635838
pathobench.exaone2025.hancook.os-treatment-rdc,pathobench,cindex,0.0,28,325,189,0,0.5815384615384616
pathobench.exaone2025.hancook.perineural-invasion-pn,pathobench,macro-ovr-auc,0.0,30,328,241,0,0.7347560975609756
pathobench.exaone2025.hancook.primarily-metastasis,pathobench,macro-ovr-auc,0.0,28,342,247,0,0.7222222222222222
pathobench.exaone2025.hancook.primary-tumor-site,pathobench,macro-ovr-auc,0.0,27,353,271,0,0.7677053824362606
pathobench.exaone2025.hancook.vascular-invasion-v,pathobench,macro-ovr-auc,0.0,29,356,286,0,0.8033707865168539
pathobench.exaone2025.herroi.response,pathobench,macro-ovr-auc,0.0,25,333,222,0,0.6666666666666666
pathobench.exaone2025.imp.grade,pathobench,macro-ovr-auc,0.0,27,338,267,0,0.7899408284023669
pathobench.exaone2025.mbc_.os,pathobench,cindex,0.0,29,333,211,0,0.6336336336336337
pathobench.exaone2025.mbc_.recist,pathobench,macro-ovr-auc,0.0,30,362,267,0,0.7375690607734806
pathobench.exaone2025.mut-het-rcc.bap1-mutation,pathobench,macro-ovr-auc,0.0,28,354,259,0,0.731638418079096
pathobench.exaone2025.mut-het-rcc.pbrm1-mutation,pathobench,macro-ovr-auc,0.0,27,344,255,0,0.7412790697674418
pathobench.exaone2025.mut-het-rcc.setd2-mutation,pathobench,macro-ovr-auc,0.0,28,351,223,0,0.6353276353276354
pathobench.exaone2025.nadt.response,pathobench,macro-ovr-auc,0.0,27,335,269,0,0.8029850746268656
pathobench.exaone2025.natbrca.lymphovascular-invasion,pathobench,macro-ovr-auc,0.0,29,355,185,0,0.5211267605633803
pathobench.exaone2025.ovarian.response,pathobench,macro-ovr-auc,0.0,29,354,178,0,0.5028248587570622
pathobench.exaone2025.panda.isup-grade,pathobench,macro-ovr-auc,0.0,28,321,211,0,0.6573208722741433
pathobench.exaone2025.sr386_.braf-mutant-binary,pathobench,macro-ovr-auc,0.0,28,347,242,0,0.6974063400576369
pathobench.exaone2025.sr386_.died-within-5-years,pathobench,macro-ovr-auc,0.0,28,354,286,0,0.807909604519774
pathobench.exaone2025.sr386_.mmr-loss-binary,pathobench,macro-ovr-auc,0.0,28,341,247,0,0.7243401759530792
pathobench.exaone2025.sr386_.os,pathobench,cindex,0.0,28,348,263,0,0.7557471264367817
pathobench.exaone2025.sr386_.ras-mutant-binary,pathobench,macro-ovr-auc,0.0,26,333,232,0,0.6966966966966966
pathobench.exaone2025.visiomel.relapse-noprev-melanoma,pathobench,macro-ovr-auc,0.0,29,355,261,0,0.7352112676056338
pathobench.exaone2025.visiomel.relapse-overall,pathobench,macro-ovr-auc,0.0,28,349,253,0,0.7249283667621776
pathobench.threads2025.bcnb.er,pathobench,macro-ovr-auc,0.0,28,468,386,0,0.8247863247863247
pathobench.threads2025.bcnb.her2,pathobench,macro-ovr-auc,0.0,28,447,358,0,0.8008948545861297
pathobench.threads2025.bcnb.pr,pathobench,macro-ovr-auc,0.0,30,472,356,0,0.7542372881355932
pathobench.threads2025.boehmk_.pfs,pathobench,cindex,0.0,30,459,351,0,0.7647058823529411
pathobench.threads2025.bracs.slidelevel-coarse,pathobench,bacc,0.0,30,480,385,0,0.8020833333333334
pathobench.threads2025.bracs.slidelevel-fine,pathobench,bacc,0.0,30,475,391,0,0.8231578947368421
pathobench.threads2025.cptac_brca.pik3ca-mutation,pathobench,macro-ovr-auc,0.0,30,465,335,0,0.7204301075268817
pathobench.threads2025.cptac_brca.tp53-mutation,pathobench,macro-ovr-auc,0.0,30,472,394,0,0.8347457627118644
pathobench.threads2025.cptac_ccrcc.bap1-mutation,pathobench,macro-ovr-auc,0.0,30,475,322,0,0.6778947368421052
pathobench.threads2025.cptac_ccrcc.os,pathobench,cindex,0.0,27,442,301,0,0.6809954751131222
pathobench.threads2025.cptac_ccrcc.pbrm1-mutation,pathobench,macro-ovr-auc,0.0,29,463,381,0,0.8228941684665226
pathobench.threads2025.cptac_coad.kras-mutation,pathobench,macro-ovr-auc,0.0,28,458,303,0,0.6615720524017468
pathobench.threads2025.cptac_coad.tp53-mutation,pathobench,macro-ovr-auc,0.0,29,468,348,0,0.7435897435897436
pathobench.threads2025.cptac_gbm.egfr-mutation,pathobench,macro-ovr-auc,0.0,27,434,292,0,0.6728110599078341
pathobench.threads2025.cptac_gbm.tp53-mutation,pathobench,macro-ovr-auc,0.0,30,470,343,0,0.7297872340425532
pathobench.threads2025.cptac_hnsc.casp8-mutation,pathobench,macro-ovr-auc,0.0,28,473,358,0,0.7568710359408034
pathobench.threads2025.cptac_hnsc.os,pathobench,cindex,0.0,29,473,377,0,0.7970401691331924
pathobench.threads2025.cptac_lscc.arid1a-mutation,pathobench,macro-ovr-auc,0.0,29,472,333,0,0.7055084745762712
pathobench.threads2025.cptac_lscc.keap1-mutation,pathobench,macro-ovr-auc,0.0,26,440,286,0,0.65
pathobench.threads2025.cptac_luad.egfr-mutation,pathobench,macro-ovr-auc,0.0,29,448,361,0,0.8058035714285714
pathobench.threads2025.cptac_luad.os,pathobench,cindex,0.0,29,468,311,0,0.6645299145299145
pathobench.threads2025.cptac_luad.stk11-mutation,pathobench,macro-ovr-auc,0.0,30,463,404,0,0.8725701943844493
pathobench.threads2025.cptac_luad.tp53-mutation,pathobench,macro-ovr-auc,0.0,29,474,351,0,0.740506329113924
pathobench.threads2025.cptac_pda.os,pathobench,cindex,0.0,27,463,357,0,0.7710583153347732
pathobench.threads2025.cptac_pda.smad4-mutation,pathobench,macro-ovr-auc,0.0,28,460,338,0,0.7347826086956522
pathobench.threads2025.ebrains.diagnosis,pathobench,bacc,0.0,30,468,360,0,0.7692307692307693
pathobench.threads2025.ebrains.diagnosis-group,pathobench,bacc,0.0,29,471,365,0,0.7749469214437368
pathobench.threads2025.imp.grade,pathobench,weighted_kappa,0.0,29,444,329,0,0.740990990990991
pathobench.threads2025.mbc_.os,pathobench,cindex,0.0,29,461,368,0,0.7982646420824295
pathobench.threads2025.mbc_.recist,pathobench,weighted_kappa,0.0,29,473,376,0,0.7949260042283298
pathobench.threads2025.mut-het-rcc.bap1-mutation,pathobench,macro-ovr-auc,0.0,29,476,337,0,0.707983193277311
pathobench.threads2025.mut-het-rcc.pbrm1-mutation,pathobench,macro-ovr-auc,0.0,30,478,380,0,0.7949790794979079
pathobench.threads2025.mut-het-rcc.setd2-mutation,pathobench,macro-ovr-auc,0.0,30,473,390,0,0.8245243128964059
pathobench.threads2025.nadt.response,pathobench,macro-ovr-auc,0.0,29,465,378,0,0.8129032258064516
pathobench.threads2025.natbrca.lymphovascular-invasion,pathobench,macro-ovr-auc,0.0,29,467,385,0,0.8244111349036403
pathobench.threads2025.ovarian.response,pathobench,macro-ovr-auc,0.0,29,474,328,0,0.6919831223628692
pathobench.threads2025.panda.isup-grade,pathobench,weighted_kappa,0.0,28,466,349,0,0.7489270386266095
pathobench.threads2025.sr386_.braf-mutant-binary,pathobench,macro-ovr-auc,0.0,29,455,321,0,0.7054945054945055
pathobench.threads2025.sr386_.died-within-5-years,pathobench,macro-ovr-auc,0.0,29,464,345,0,0.7435344827586207
pathobench.threads2025.sr386_.mmr-loss-binary,pathobench,macro-ovr-auc,0.0,29,475,367,0,0.7726315789473684
pathobench.threads2025.sr386_.os,pathobench,cindex,0.0,29,448,301,0,0.671875
pathobench.threads2025.sr386_.ras-mutant-binary,pathobench,macro-ovr-auc,0.0,29,469,350,0,0.746268656716418
pathorob.camelyon.robustness_index,pathorob,robustness_index,0.0,30,3143,2494,0,0.7935093859370028
pathorob.nature2026.camelyon.clustering_score,pathorob,clustering_score,0.0,30,3194,2521,0,0.7892924232936757
pathorob.nature2026.tcga_4x4.clustering_score,pathorob,clustering_score,0.0,30,3137,2711,0,0.8642014663691425
pathorob.nature2026.tolkach_esca.clustering_score,pathorob,clustering_score,0.0,30,3157,2482,0,0.7861894203357618
pathorob.tcga_2x2.robustness_index,pathorob,robustness_index,0.0,30,3162,2669,0,0.8440860215053764
pathorob.tolkach_esca.robustness_index,pathorob,robustness_index,0.0,30,3139,2698,0,0.8595093978974195
thunder.bach.linear_probing,thunder,f1,0.0,30,8227,6894,0,0.8379725294761152
thunder.bracs.linear_probing,thunder,f1,0.0,30,8178,6938,0,0.8483736854976767
thunder.break_his.linear_probing,thunder,f1,0.0,30,8240,6156,0,0.7470873786407767
thunder.ccrcc.linear_probing,thunder,f1,0.0,30,8202,7317,0,0.8920994879297732
thunder.crc.linear_probing,thunder,f1,0.0,30,8200,7088,0,0.864390243902439
thunder.esca.linear_probing,thunder,f1,0.0,30,8255,7588,0,0.9192004845548153
thunder.mhist.linear_probing,thunder,f1,0.0,30,8227,6294,0,0.765041935091771
thunder.patch_camelyon.linear_probing,thunder,f1,0.0,30,8186,7227,0,0.8828487661861715
thunder.spider_breast.linear_probing,thunder,f1,0.0,30,8199,7309,0,0.8914501768508355
thunder.spider_colorectal.linear_probing,thunder,f1,0.0,30,8153,7247,0,0.8888752606402551
thunder.spider_skin.linear_probing,thunder,f1,0.0,30,8242,7506,0,0.9107012860956079
thunder.spider_thorax.linear_probing,thunder,f1,0.0,30,8178,7200,0,0.880410858400587
thunder.tcga_crc_msi.linear_probing,thunder,f1,0.0,30,8256,7206,0,0.8728197674418605
thunder.tcga_tils.linear_probing,thunder,f1,0.0,30,8051,7089,0,0.8805117376723388
thunder.tcga_uniform.linear_probing,thunder,f1,0.0,30,8161,7042,0,0.8628844504349957
thunder.wilds.linear_probing,thunder,f1,0.0,30,8190,7114,0,0.8686202686202686
eva.leaderboard.bach.validation,eva,balanced_accuracy,1.0,30,2639,2181,0,0.8264494126563092
eva.leaderboard.bracs.validation,eva,balanced_accuracy,1.0,30,1406,1153,0,0.8200568990042674
eva.leaderboard.breakhis.validation,eva,balanced_accuracy,1.0,30,2558,2101,0,0.8213448006254886
eva.leaderboard.camelyon16_small.test,eva,balanced_accuracy,1.0,30,2541,2374,0,0.9342778433687524
eva.leaderboard.camelyon16_small.validation,eva,balanced_accuracy,1.0,30,1537,1340,0,0.8718282368249838
eva.leaderboard.consep.validation,eva,dice,1.0,30,2089,1793,0,0.85830540928674
eva.leaderboard.crc.validation,eva,balanced_accuracy,1.0,30,1897,1765,0,0.9304164470216131
eva.leaderboard.gleason_arvaniti.validation,eva,balanced_accuracy,1.0,30,2507,2185,0,0.8715596330275229
eva.leaderboard.mhist.test,eva,balanced_accuracy,1.0,30,2064,1545,0,0.748546511627907
eva.leaderboard.monusac.test,eva,dice,1.0,30,2441,2074,0,0.8496517820565342
eva.leaderboard.panda_small.test,eva,balanced_accuracy,1.0,30,2202,1924,0,0.8737511353315168
eva.leaderboard.panda_small.validation,eva,balanced_accuracy,1.0,30,1003,871,0,0.86839481555334
eva.leaderboard.patch_camelyon.test,eva,balanced_accuracy,1.0,30,2264,2133,0,0.9421378091872792
eva.leaderboard.patch_camelyon.validation,eva,balanced_accuracy,1.0,30,1268,1237,0,0.9755520504731862
eva.leaderboard.patch_camelyon_10shot.test,eva,balanced_accuracy,1.0,30,1566,1379,0,0.8805874840357599
hest.ccrcc.gene_expression,hest,pearson_r,1.0,30,3022,2735,0,0.9050297816015883
hest.coad.gene_expression,hest,pearson_r,1.0,30,3636,3264,0,0.8976897689768977
hest.idc.gene_expression,hest,pearson_r,1.0,30,3514,3454,0,0.9829254410927718
hest.lung.gene_expression,hest,pearson_r,1.0,30,3165,3130,0,0.9889415481832543
hest.lymph_idc.gene_expression,hest,pearson_r,1.0,30,2123,2056,0,0.9684408855393312
hest.paad.gene_expression,hest,pearson_r,1.0,30,3571,3450,0,0.9661159339120694
hest.prad.gene_expression,hest,pearson_r,1.0,30,3141,2608,0,0.8303088188475009
hest.read.gene_expression,hest,pearson_r,1.0,30,3797,3719,0,0.9794574664208586
hest.skcm.gene_expression,hest,pearson_r,1.0,30,4373,4090,0,0.9352847015778641
pathobench.exaone2025.bc_therapy.er-status,pathobench,macro-ovr-auc,1.0,30,342,204,0,0.5964912280701754
pathobench.exaone2025.bc_therapy.grade,pathobench,macro-ovr-auc,1.0,28,297,238,0,0.8013468013468014
pathobench.exaone2025.bc_therapy.her2-status,pathobench,macro-ovr-auc,1.0,30,300,233,0,0.7766666666666666
pathobench.exaone2025.bc_therapy.residual-cancer-burden,pathobench,macro-ovr-auc,1.0,28,286,204,0,0.7132867132867133
pathobench.exaone2025.bcnb.er,pathobench,macro-ovr-auc,1.0,27,268,213,0,0.7947761194029851
pathobench.exaone2025.bcnb.her2,pathobench,macro-ovr-auc,1.0,28,236,185,0,0.7838983050847458
pathobench.exaone2025.bcnb.pr,pathobench,macro-ovr-auc,1.0,30,271,241,0,0.8892988929889298
pathobench.exaone2025.boehmk_.pfs,pathobench,cindex,1.0,28,315,207,0,0.6571428571428571
pathobench.exaone2025.bracs.slidelevel-coarse,pathobench,macro-ovr-auc,1.0,28,283,247,0,0.872791519434629
pathobench.exaone2025.bracs.slidelevel-fine,pathobench,macro-ovr-auc,1.0,28,285,260,0,0.9122807017543859
pathobench.exaone2025.cptac_brca.immune-class,pathobench,macro-ovr-auc,1.0,29,272,215,0,0.7904411764705882
pathobench.exaone2025.cptac_brca.pik3ca-mutation,pathobench,macro-ovr-auc,1.0,28,343,244,0,0.7113702623906706
pathobench.exaone2025.cptac_brca.tp53-mutation,pathobench,macro-ovr-auc,1.0,27,309,244,0,0.7896440129449838
pathobench.exaone2025.cptac_ccrcc.bap1-mutation,pathobench,macro-ovr-auc,1.0,27,326,211,0,0.647239263803681
pathobench.exaone2025.cptac_ccrcc.immune-class,pathobench,macro-ovr-auc,1.0,27,274,183,0,0.6678832116788321
pathobench.exaone2025.cptac_ccrcc.os,pathobench,cindex,1.0,29,342,201,0,0.5877192982456141
pathobench.exaone2025.cptac_ccrcc.pbrm1-mutation,pathobench,macro-ovr-auc,1.0,27,291,219,0,0.7525773195876289
pathobench.exaone2025.cptac_ccrcc.vhl-mutation,pathobench,macro-ovr-auc,1.0,29,318,185,0,0.5817610062893082
pathobench.exaone2025.cptac_coad.acvr2a-mutation,pathobench,macro-ovr-auc,1.0,25,318,250,0,0.7861635220125787
pathobench.exaone2025.cptac_coad.apc-mutation,pathobench,macro-ovr-auc,1.0,30,331,231,0,0.6978851963746223
pathobench.exaone2025.cptac_coad.arid1a-mutation,pathobench,macro-ovr-auc,1.0,27,297,188,0,0.632996632996633
pathobench.exaone2025.cptac_coad.immune-class,pathobench,macro-ovr-auc,1.0,30,255,162,0,0.6352941176470588
pathobench.exaone2025.cptac_coad.kras-mutation,pathobench,macro-ovr-auc,1.0,26,286,155,0,0.541958041958042
pathobench.exaone2025.cptac_coad.msi-h,pathobench,macro-ovr-auc,1.0,28,299,226,0,0.7558528428093646
pathobench.exaone2025.cptac_coad.pik3ca-mutation,pathobench,macro-ovr-auc,1.0,30,320,209,0,0.653125
pathobench.exaone2025.cptac_coad.setd1b-mutation,pathobench,macro-ovr-auc,1.0,29,325,258,0,0.7938461538461539
pathobench.exaone2025.cptac_coad.tp53-mutation,pathobench,macro-ovr-auc,1.0,28,339,274,0,0.8082595870206489
pathobench.exaone2025.cptac_gbm.egfr-mutation,pathobench,macro-ovr-auc,1.0,29,334,253,0,0.7574850299401198
pathobench.exaone2025.cptac_gbm.immune-class,pathobench,macro-ovr-auc,1.0,29,335,245,0,0.7313432835820896
pathobench.exaone2025.cptac_gbm.tp53-mutation,pathobench,macro-ovr-auc,1.0,29,335,251,0,0.7492537313432835
pathobench.exaone2025.cptac_hnsc.casp8-mutation,pathobench,macro-ovr-auc,1.0,28,328,212,0,0.6463414634146342
pathobench.exaone2025.cptac_hnsc.histologic-grade,pathobench,macro-ovr-auc,1.0,29,318,259,0,0.8144654088050315
pathobench.exaone2025.cptac_hnsc.immune-class,pathobench,macro-ovr-auc,1.0,29,235,148,0,0.6297872340425532
pathobench.exaone2025.cptac_hnsc.os,pathobench,cindex,1.0,28,332,246,0,0.7409638554216867
pathobench.exaone2025.cptac_lscc.arid1a-mutation,pathobench,macro-ovr-auc,1.0,30,338,256,0,0.757396449704142
pathobench.exaone2025.cptac_lscc.histologic-grade,pathobench,macro-ovr-auc,1.0,28,292,207,0,0.708904109589041
pathobench.exaone2025.cptac_lscc.immune-class,pathobench,macro-ovr-auc,1.0,28,313,170,0,0.5431309904153354
pathobench.exaone2025.cptac_lscc.keap1-mutation,pathobench,macro-ovr-auc,1.0,28,302,201,0,0.6655629139072847
pathobench.exaone2025.cptac_luad.egfr-mutation,pathobench,macro-ovr-auc,1.0,30,289,169,0,0.5847750865051903
pathobench.exaone2025.cptac_luad.immune-class,pathobench,macro-ovr-auc,1.0,28,329,230,0,0.6990881458966566
pathobench.exaone2025.cptac_luad.kras-mutation,pathobench,macro-ovr-auc,1.0,28,334,228,0,0.6826347305389222
pathobench.exaone2025.cptac_luad.os,pathobench,cindex,1.0,27,295,224,0,0.7593220338983051
pathobench.exaone2025.cptac_luad.stk11-mutation,pathobench,macro-ovr-auc,1.0,27,282,218,0,0.7730496453900709
pathobench.exaone2025.cptac_luad.tp53-mutation,pathobench,macro-ovr-auc,1.0,29,310,234,0,0.7548387096774194
pathobench.exaone2025.cptac_ov.immune-class,pathobench,macro-ovr-auc,1.0,27,314,202,0,0.643312101910828
pathobench.exaone2025.cptac_pda.immune-class,pathobench,macro-ovr-auc,1.0,30,138,106,0,0.7681159420289855
pathobench.exaone2025.cptac_pda.os,pathobench,cindex,1.0,29,316,242,0,0.7658227848101266
pathobench.exaone2025.cptac_pda.smad4-mutation,pathobench,macro-ovr-auc,1.0,28,310,197,0,0.635483870967742
pathobench.exaone2025.cptac_ucec.ctnnb1-mutation,pathobench,macro-ovr-auc,1.0,26,242,210,0,0.8677685950413223
pathobench.exaone2025.cptac_ucec.immune-class,pathobench,macro-ovr-auc,1.0,28,320,250,0,0.78125
pathobench.exaone2025.cptac_ucec.pten-mutation,pathobench,macro-ovr-auc,1.0,29,331,217,0,0.6555891238670695
pathobench.exaone2025.ebrains.diagnosis,pathobench,macro-ovr-auc,1.0,26,58,57,0,0.9827586206896551
pathobench.exaone2025.ebrains.diagnosis-group,pathobench,macro-ovr-auc,1.0,19,19,19,0,1.0
pathobench.exaone2025.ebrains.idh-status,pathobench,macro-ovr-auc,1.0,30,98,86,0,0.8775510204081632
pathobench.exaone2025.hancook.grading-scc-conventional-keratinizing,pathobench,macro-ovr-auc,1.0,30,251,205,0,0.8167330677290837
pathobench.exaone2025.hancook.grading-scc-conventional-nonkeratinizing,pathobench,macro-ovr-auc,1.0,28,303,253,0,0.834983498349835
pathobench.exaone2025.hancook.lymphovascular-invasion-l,pathobench,macro-ovr-auc,1.0,28,312,239,0,0.7660256410256411
pathobench.exaone2025.hancook.os-treatment-rdc,pathobench,cindex,1.0,28,277,173,0,0.6245487364620939
pathobench.exaone2025.hancook.perineural-invasion-pn,pathobench,macro-ovr-auc,1.0,30,207,157,0,0.7584541062801933
pathobench.exaone2025.hancook.primarily-metastasis,pathobench,macro-ovr-auc,1.0,28,326,235,0,0.7208588957055214
pathobench.exaone2025.hancook.primary-tumor-site,pathobench,macro-ovr-auc,1.0,27,271,217,0,0.8007380073800738
pathobench.exaone2025.hancook.vascular-invasion-v,pathobench,macro-ovr-auc,1.0,29,287,247,0,0.8606271777003485
pathobench.exaone2025.herroi.response,pathobench,macro-ovr-auc,1.0,25,284,192,0,0.676056338028169
pathobench.exaone2025.imp.grade,pathobench,macro-ovr-auc,1.0,17,17,17,0,1.0
pathobench.exaone2025.mbc_.os,pathobench,cindex,1.0,29,299,192,0,0.6421404682274248
pathobench.exaone2025.mbc_.recist,pathobench,macro-ovr-auc,1.0,30,307,235,0,0.7654723127035831
pathobench.exaone2025.mut-het-rcc.bap1-mutation,pathobench,macro-ovr-auc,1.0,28,294,221,0,0.7517006802721088
pathobench.exaone2025.mut-het-rcc.pbrm1-mutation,pathobench,macro-ovr-auc,1.0,27,296,235,0,0.793918918918919
pathobench.exaone2025.mut-het-rcc.setd2-mutation,pathobench,macro-ovr-auc,1.0,28,252,187,0,0.7420634920634921
pathobench.exaone2025.nadt.response,pathobench,macro-ovr-auc,1.0,27,299,246,0,0.822742474916388
pathobench.exaone2025.natbrca.lymphovascular-invasion,pathobench,macro-ovr-auc,1.0,29,324,176,0,0.5432098765432098
pathobench.exaone2025.ovarian.response,pathobench,macro-ovr-auc,1.0,29,321,165,0,0.514018691588785
pathobench.exaone2025.panda.isup-grade,pathobench,macro-ovr-auc,1.0,28,201,134,0,0.6666666666666666
pathobench.exaone2025.sr386_.braf-mutant-binary,pathobench,macro-ovr-auc,1.0,28,347,242,0,0.6974063400576369
pathobench.exaone2025.sr386_.died-within-5-years,pathobench,macro-ovr-auc,1.0,28,338,274,0,0.8106508875739645
pathobench.exaone2025.sr386_.mmr-loss-binary,pathobench,macro-ovr-auc,1.0,28,283,221,0,0.7809187279151943
pathobench.exaone2025.sr386_.os,pathobench,cindex,1.0,28,198,168,0,0.8484848484848485
pathobench.exaone2025.sr386_.ras-mutant-binary,pathobench,macro-ovr-auc,1.0,26,270,203,0,0.7518518518518519
pathobench.exaone2025.visiomel.relapse-noprev-melanoma,pathobench,macro-ovr-auc,1.0,29,316,240,0,0.759493670886076
pathobench.exaone2025.visiomel.relapse-overall,pathobench,macro-ovr-auc,1.0,28,298,227,0,0.761744966442953
pathobench.threads2025.bcnb.er,pathobench,macro-ovr-auc,1.0,28,281,247,0,0.8790035587188612
pathobench.threads2025.bcnb.her2,pathobench,macro-ovr-auc,1.0,28,318,281,0,0.8836477987421384
pathobench.threads2025.bcnb.pr,pathobench,macro-ovr-auc,1.0,30,293,246,0,0.8395904436860068
pathobench.threads2025.boehmk_.pfs,pathobench,cindex,1.0,30,389,299,0,0.7686375321336761
pathobench.threads2025.bracs.slidelevel-coarse,pathobench,bacc,1.0,30,428,365,0,0.852803738317757
pathobench.threads2025.bracs.slidelevel-fine,pathobench,bacc,1.0,30,425,354,0,0.8329411764705882
pathobench.threads2025.cptac_brca.pik3ca-mutation,pathobench,macro-ovr-auc,1.0,30,413,300,0,0.7263922518159807
pathobench.threads2025.cptac_brca.tp53-mutation,pathobench,macro-ovr-auc,1.0,30,422,363,0,0.8601895734597157
pathobench.threads2025.cptac_ccrcc.bap1-mutation,pathobench,macro-ovr-auc,1.0,30,439,309,0,0.7038724373576309
pathobench.threads2025.cptac_ccrcc.os,pathobench,cindex,1.0,27,374,271,0,0.7245989304812834
pathobench.threads2025.cptac_ccrcc.pbrm1-mutation,pathobench,macro-ovr-auc,1.0,29,431,361,0,0.8375870069605569
pathobench.threads2025.cptac_coad.kras-mutation,pathobench,macro-ovr-auc,1.0,28,366,256,0,0.6994535519125683
pathobench.threads2025.cptac_coad.tp53-mutation,pathobench,macro-ovr-auc,1.0,29,402,315,0,0.7835820895522388
pathobench.threads2025.cptac_gbm.egfr-mutation,pathobench,macro-ovr-auc,1.0,27,401,276,0,0.6882793017456359
pathobench.threads2025.cptac_gbm.tp53-mutation,pathobench,macro-ovr-auc,1.0,30,418,323,0,0.7727272727272727
pathobench.threads2025.cptac_hnsc.casp8-mutation,pathobench,macro-ovr-auc,1.0,28,441,346,0,0.7845804988662132
pathobench.threads2025.cptac_hnsc.os,pathobench,cindex,1.0,29,383,322,0,0.8407310704960835
pathobench.threads2025.cptac_lscc.arid1a-mutation,pathobench,macro-ovr-auc,1.0,29,456,324,0,0.7105263157894737
pathobench.threads2025.cptac_lscc.keap1-mutation,pathobench,macro-ovr-auc,1.0,26,381,248,0,0.6509186351706037
pathobench.threads2025.cptac_luad.egfr-mutation,pathobench,macro-ovr-auc,1.0,29,347,303,0,0.8731988472622478
pathobench.threads2025.cptac_luad.os,pathobench,cindex,1.0,29,435,306,0,0.7034482758620689
pathobench.threads2025.cptac_luad.stk11-mutation,pathobench,macro-ovr-auc,1.0,30,412,374,0,0.9077669902912622
pathobench.threads2025.cptac_luad.tp53-mutation,pathobench,macro-ovr-auc,1.0,29,439,343,0,0.7813211845102506
pathobench.threads2025.cptac_pda.os,pathobench,cindex,1.0,27,382,305,0,0.7984293193717278
pathobench.threads2025.cptac_pda.smad4-mutation,pathobench,macro-ovr-auc,1.0,28,425,313,0,0.7364705882352941
pathobench.threads2025.ebrains.diagnosis,pathobench,bacc,1.0,30,434,338,0,0.7788018433179723
pathobench.threads2025.ebrains.diagnosis-group,pathobench,bacc,1.0,29,423,336,0,0.7943262411347518
pathobench.threads2025.imp.grade,pathobench,weighted_kappa,1.0,29,231,177,0,0.7662337662337663
pathobench.threads2025.mbc_.os,pathobench,cindex,1.0,29,394,338,0,0.8578680203045685
pathobench.threads2025.mbc_.recist,pathobench,weighted_kappa,1.0,29,439,352,0,0.8018223234624146
pathobench.threads2025.mut-het-rcc.bap1-mutation,pathobench,macro-ovr-auc,1.0,29,274,249,0,0.9087591240875912
pathobench.threads2025.mut-het-rcc.pbrm1-mutation,pathobench,macro-ovr-auc,1.0,30,395,331,0,0.8379746835443038
pathobench.threads2025.mut-het-rcc.setd2-mutation,pathobench,macro-ovr-auc,1.0,30,385,340,0,0.8831168831168831
pathobench.threads2025.nadt.response,pathobench,macro-ovr-auc,1.0,29,431,349,0,0.8097447795823666
pathobench.threads2025.natbrca.lymphovascular-invasion,pathobench,macro-ovr-auc,1.0,29,434,365,0,0.8410138248847926
pathobench.threads2025.ovarian.response,pathobench,macro-ovr-auc,1.0,29,426,304,0,0.7136150234741784
pathobench.threads2025.panda.isup-grade,pathobench,weighted_kappa,1.0,28,381,299,0,0.7847769028871391
pathobench.threads2025.sr386_.braf-mutant-binary,pathobench,macro-ovr-auc,1.0,29,405,309,0,0.762962962962963
pathobench.threads2025.sr386_.died-within-5-years,pathobench,macro-ovr-auc,1.0,29,366,295,0,0.8060109289617486
pathobench.threads2025.sr386_.mmr-loss-binary,pathobench,macro-ovr-auc,1.0,29,421,333,0,0.7909738717339667
pathobench.threads2025.sr386_.os,pathobench,cindex,1.0,29,362,267,0,0.7375690607734806
pathobench.threads2025.sr386_.ras-mutant-binary,pathobench,macro-ovr-auc,1.0,29,334,254,0,0.7604790419161677
pathorob.camelyon.robustness_index,pathorob,robustness_index,1.0,30,3111,2477,0,0.7962070073931212
pathorob.nature2026.camelyon.clustering_score,pathorob,clustering_score,1.0,30,2926,2379,0,0.8130553656869446
pathorob.nature2026.tcga_4x4.clustering_score,pathorob,clustering_score,1.0,30,2849,2536,0,0.8901368901368901
pathorob.nature2026.tolkach_esca.clustering_score,pathorob,clustering_score,1.0,30,2760,2244,0,0.8130434782608695
pathorob.tcga_2x2.robustness_index,pathorob,robustness_index,1.0,30,2931,2552,0,0.8706925963834868
pathorob.tolkach_esca.robustness_index,pathorob,robustness_index,1.0,30,2916,2573,0,0.8823731138545954
thunder.bach.linear_probing,thunder,f1,1.0,30,7672,6567,0,0.8559697601668405
thunder.bracs.linear_probing,thunder,f1,1.0,30,7206,6392,0,0.8870385789619761
thunder.break_his.linear_probing,thunder,f1,1.0,30,7740,5920,0,0.7648578811369509
thunder.ccrcc.linear_probing,thunder,f1,1.0,30,7536,6902,0,0.9158704883227177
thunder.crc.linear_probing,thunder,f1,1.0,30,6256,5858,0,0.9363810741687979
thunder.esca.linear_probing,thunder,f1,1.0,30,7662,7184,0,0.9376141999477943
thunder.mhist.linear_probing,thunder,f1,1.0,30,6490,5263,0,0.810939907550077
thunder.patch_camelyon.linear_probing,thunder,f1,1.0,30,6600,6375,0,0.9659090909090909
thunder.spider_breast.linear_probing,thunder,f1,1.0,30,7115,6619,0,0.9302881236823612
thunder.spider_colorectal.linear_probing,thunder,f1,1.0,30,6239,6004,0,0.9623337073248918
thunder.spider_skin.linear_probing,thunder,f1,1.0,30,6968,6764,0,0.970723306544202
thunder.spider_thorax.linear_probing,thunder,f1,1.0,30,5953,5692,0,0.9561565597177893
thunder.tcga_crc_msi.linear_probing,thunder,f1,1.0,30,7347,6746,0,0.9181979039063564
thunder.tcga_tils.linear_probing,thunder,f1,1.0,30,5620,5441,0,0.9681494661921708
thunder.tcga_uniform.linear_probing,thunder,f1,1.0,30,7551,6728,0,0.8910078135346312
thunder.wilds.linear_probing,thunder,f1,1.0,30,6697,6126,0,0.9147379423622517
eva.leaderboard.bach.validation,eva,balanced_accuracy,2.0,30,2497,2103,0,0.84221065278334
eva.leaderboard.bracs.validation,eva,balanced_accuracy,2.0,30,1037,909,0,0.8765670202507232
eva.leaderboard.breakhis.validation,eva,balanced_accuracy,2.0,30,2236,1922,0,0.8595706618962433
eva.leaderboard.camelyon16_small.test,eva,balanced_accuracy,2.0,30,2018,1926,0,0.9544103072348861
eva.leaderboard.camelyon16_small.validation,eva,balanced_accuracy,2.0,30,1365,1246,0,0.9128205128205128
eva.leaderboard.consep.validation,eva,dice,2.0,30,1481,1376,0,0.9291019581363943
eva.leaderboard.crc.validation,eva,balanced_accuracy,2.0,30,1072,1053,0,0.9822761194029851
eva.leaderboard.gleason_arvaniti.validation,eva,balanced_accuracy,2.0,30,2146,1940,0,0.9040074557315937
eva.leaderboard.mhist.test,eva,balanced_accuracy,2.0,30,1603,1291,0,0.8053649407361197
eva.leaderboard.monusac.test,eva,dice,2.0,30,1837,1708,0,0.929776810016331
eva.leaderboard.panda_small.test,eva,balanced_accuracy,2.0,30,1580,1468,0,0.9291139240506329
eva.leaderboard.panda_small.validation,eva,balanced_accuracy,2.0,30,396,373,0,0.9419191919191919
eva.leaderboard.patch_camelyon.test,eva,balanced_accuracy,2.0,30,1804,1773,0,0.9828159645232816
eva.leaderboard.patch_camelyon.validation,eva,balanced_accuracy,2.0,30,811,808,0,0.9963008631319359
eva.leaderboard.patch_camelyon_10shot.test,eva,balanced_accuracy,2.0,30,1504,1343,0,0.8929521276595744
hest.ccrcc.gene_expression,hest,pearson_r,2.0,30,1198,1115,0,0.9307178631051753
hest.coad.gene_expression,hest,pearson_r,2.0,30,2178,2114,0,0.970615243342516
hest.idc.gene_expression,hest,pearson_r,2.0,30,2283,2281,0,0.9991239597021463
hest.lung.gene_expression,hest,pearson_r,2.0,30,1395,1395,0,1.0
hest.lymph_idc.gene_expression,hest,pearson_r,2.0,30,403,402,0,0.9975186104218362
hest.paad.gene_expression,hest,pearson_r,2.0,30,2003,1985,0,0.9910134797803295
hest.prad.gene_expression,hest,pearson_r,2.0,30,1736,1478,0,0.8513824884792627
hest.read.gene_expression,hest,pearson_r,2.0,30,2303,2285,0,0.9921841076856275
hest.skcm.gene_expression,hest,pearson_r,2.0,30,3274,3244,0,0.9908368967623702
pathobench.exaone2025.bc_therapy.er-status,pathobench,macro-ovr-auc,2.0,30,293,182,0,0.621160409556314
pathobench.exaone2025.bc_therapy.grade,pathobench,macro-ovr-auc,2.0,28,264,215,0,0.8143939393939394
pathobench.exaone2025.bc_therapy.her2-status,pathobench,macro-ovr-auc,2.0,30,249,202,0,0.8112449799196787
pathobench.exaone2025.bc_therapy.residual-cancer-burden,pathobench,macro-ovr-auc,2.0,28,187,147,0,0.786096256684492
pathobench.exaone2025.bcnb.er,pathobench,macro-ovr-auc,2.0,27,192,161,0,0.8385416666666666
pathobench.exaone2025.bcnb.her2,pathobench,macro-ovr-auc,2.0,28,188,165,0,0.8776595744680851
pathobench.exaone2025.bcnb.pr,pathobench,macro-ovr-auc,2.0,30,200,187,0,0.935
pathobench.exaone2025.boehmk_.pfs,pathobench,cindex,2.0,28,265,182,0,0.6867924528301886
pathobench.exaone2025.bracs.slidelevel-coarse,pathobench,macro-ovr-auc,2.0,28,212,189,0,0.8915094339622641
pathobench.exaone2025.bracs.slidelevel-fine,pathobench,macro-ovr-auc,2.0,28,251,233,0,0.9282868525896414
pathobench.exaone2025.cptac_brca.immune-class,pathobench,macro-ovr-auc,2.0,29,220,180,0,0.8181818181818182
pathobench.exaone2025.cptac_brca.pik3ca-mutation,pathobench,macro-ovr-auc,2.0,28,308,216,0,0.7012987012987013
pathobench.exaone2025.cptac_brca.tp53-mutation,pathobench,macro-ovr-auc,2.0,27,248,208,0,0.8387096774193549
pathobench.exaone2025.cptac_ccrcc.bap1-mutation,pathobench,macro-ovr-auc,2.0,27,309,195,0,0.6310679611650486
pathobench.exaone2025.cptac_ccrcc.immune-class,pathobench,macro-ovr-auc,2.0,27,173,128,0,0.7398843930635838
pathobench.exaone2025.cptac_ccrcc.os,pathobench,cindex,2.0,29,326,191,0,0.5858895705521472
pathobench.exaone2025.cptac_ccrcc.pbrm1-mutation,pathobench,macro-ovr-auc,2.0,27,241,196,0,0.8132780082987552
pathobench.exaone2025.cptac_ccrcc.vhl-mutation,pathobench,macro-ovr-auc,2.0,29,318,185,0,0.5817610062893082
pathobench.exaone2025.cptac_coad.acvr2a-mutation,pathobench,macro-ovr-auc,2.0,25,282,220,0,0.7801418439716312
pathobench.exaone2025.cptac_coad.apc-mutation,pathobench,macro-ovr-auc,2.0,30,295,217,0,0.735593220338983
pathobench.exaone2025.cptac_coad.arid1a-mutation,pathobench,macro-ovr-auc,2.0,27,199,131,0,0.6582914572864321
pathobench.exaone2025.cptac_coad.immune-class,pathobench,macro-ovr-auc,2.0,30,203,135,0,0.6650246305418719
pathobench.exaone2025.cptac_coad.kras-mutation,pathobench,macro-ovr-auc,2.0,26,222,126,0,0.5675675675675675
pathobench.exaone2025.cptac_coad.msi-h,pathobench,macro-ovr-auc,2.0,28,239,191,0,0.799163179916318
pathobench.exaone2025.cptac_coad.pik3ca-mutation,pathobench,macro-ovr-auc,2.0,30,285,197,0,0.6912280701754386
pathobench.exaone2025.cptac_coad.setd1b-mutation,pathobench,macro-ovr-auc,2.0,29,291,234,0,0.8041237113402062
pathobench.exaone2025.cptac_coad.tp53-mutation,pathobench,macro-ovr-auc,2.0,28,303,250,0,0.8250825082508251
pathobench.exaone2025.cptac_gbm.egfr-mutation,pathobench,macro-ovr-auc,2.0,29,285,235,0,0.8245614035087719
pathobench.exaone2025.cptac_gbm.immune-class,pathobench,macro-ovr-auc,2.0,29,248,189,0,0.7620967741935484
pathobench.exaone2025.cptac_gbm.tp53-mutation,pathobench,macro-ovr-auc,2.0,29,266,226,0,0.849624060150376
pathobench.exaone2025.cptac_hnsc.casp8-mutation,pathobench,macro-ovr-auc,2.0,28,293,198,0,0.6757679180887372
pathobench.exaone2025.cptac_hnsc.histologic-grade,pathobench,macro-ovr-auc,2.0,29,253,216,0,0.8537549407114624
pathobench.exaone2025.cptac_hnsc.immune-class,pathobench,macro-ovr-auc,2.0,29,150,99,0,0.66
pathobench.exaone2025.cptac_hnsc.os,pathobench,cindex,2.0,28,300,217,0,0.7233333333333334
pathobench.exaone2025.cptac_lscc.arid1a-mutation,pathobench,macro-ovr-auc,2.0,30,304,231,0,0.7598684210526315
pathobench.exaone2025.cptac_lscc.histologic-grade,pathobench,macro-ovr-auc,2.0,28,210,172,0,0.819047619047619
pathobench.exaone2025.cptac_lscc.immune-class,pathobench,macro-ovr-auc,2.0,28,216,137,0,0.6342592592592593
pathobench.exaone2025.cptac_lscc.keap1-mutation,pathobench,macro-ovr-auc,2.0,28,267,183,0,0.6853932584269663
pathobench.exaone2025.cptac_luad.egfr-mutation,pathobench,macro-ovr-auc,2.0,30,223,134,0,0.600896860986547
pathobench.exaone2025.cptac_luad.immune-class,pathobench,macro-ovr-auc,2.0,28,247,190,0,0.7692307692307693
pathobench.exaone2025.cptac_luad.kras-mutation,pathobench,macro-ovr-auc,2.0,28,267,186,0,0.6966292134831461
pathobench.exaone2025.cptac_luad.os,pathobench,cindex,2.0,27,227,182,0,0.801762114537445
pathobench.exaone2025.cptac_luad.stk11-mutation,pathobench,macro-ovr-auc,2.0,27,132,117,0,0.8863636363636364
pathobench.exaone2025.cptac_luad.tp53-mutation,pathobench,macro-ovr-auc,2.0,29,275,220,0,0.8
pathobench.exaone2025.cptac_ov.immune-class,pathobench,macro-ovr-auc,2.0,27,249,164,0,0.6586345381526104
pathobench.exaone2025.cptac_pda.immune-class,pathobench,macro-ovr-auc,2.0,30,104,83,0,0.7980769230769231
pathobench.exaone2025.cptac_pda.os,pathobench,cindex,2.0,29,298,231,0,0.7751677852348994
pathobench.exaone2025.cptac_pda.smad4-mutation,pathobench,macro-ovr-auc,2.0,28,295,184,0,0.6237288135593221
pathobench.exaone2025.cptac_ucec.ctnnb1-mutation,pathobench,macro-ovr-auc,2.0,26,191,167,0,0.8743455497382199
pathobench.exaone2025.cptac_ucec.immune-class,pathobench,macro-ovr-auc,2.0,28,251,200,0,0.796812749003984
pathobench.exaone2025.cptac_ucec.pten-mutation,pathobench,macro-ovr-auc,2.0,29,315,208,0,0.6603174603174603
pathobench.exaone2025.ebrains.idh-status,pathobench,macro-ovr-auc,2.0,30,98,86,0,0.8775510204081632
pathobench.exaone2025.hancook.grading-scc-conventional-keratinizing,pathobench,macro-ovr-auc,2.0,30,214,172,0,0.8037383177570093
pathobench.exaone2025.hancook.grading-scc-conventional-nonkeratinizing,pathobench,macro-ovr-auc,2.0,28,252,224,0,0.8888888888888888
pathobench.exaone2025.hancook.lymphovascular-invasion-l,pathobench,macro-ovr-auc,2.0,28,248,198,0,0.7983870967741935
pathobench.exaone2025.hancook.os-treatment-rdc,pathobench,cindex,2.0,28,277,173,0,0.6245487364620939
pathobench.exaone2025.hancook.perineural-invasion-pn,pathobench,macro-ovr-auc,2.0,30,121,92,0,0.7603305785123967
pathobench.exaone2025.hancook.primarily-metastasis,pathobench,macro-ovr-auc,2.0,28,258,204,0,0.7906976744186046
pathobench.exaone2025.hancook.primary-tumor-site,pathobench,macro-ovr-auc,2.0,27,185,164,0,0.8864864864864865
pathobench.exaone2025.hancook.vascular-invasion-v,pathobench,macro-ovr-auc,2.0,29,218,201,0,0.9220183486238532
pathobench.exaone2025.herroi.response,pathobench,macro-ovr-auc,2.0,25,256,182,0,0.7109375
pathobench.exaone2025.mbc_.os,pathobench,cindex,2.0,29,245,174,0,0.710204081632653
pathobench.exaone2025.mbc_.recist,pathobench,macro-ovr-auc,2.0,30,190,163,0,0.8578947368421053
pathobench.exaone2025.mut-het-rcc.bap1-mutation,pathobench,macro-ovr-auc,2.0,28,194,162,0,0.8350515463917526
pathobench.exaone2025.mut-het-rcc.pbrm1-mutation,pathobench,macro-ovr-auc,2.0,27,166,147,0,0.8855421686746988
pathobench.exaone2025.mut-het-rcc.setd2-mutation,pathobench,macro-ovr-auc,2.0,27,113,90,0,0.7964601769911505
pathobench.exaone2025.nadt.response,pathobench,macro-ovr-auc,2.0,27,232,204,0,0.8793103448275862
pathobench.exaone2025.natbrca.lymphovascular-invasion,pathobench,macro-ovr-auc,2.0,29,263,152,0,0.5779467680608364
pathobench.exaone2025.ovarian.response,pathobench,macro-ovr-auc,2.0,29,268,145,0,0.5410447761194029
pathobench.exaone2025.panda.isup-grade,pathobench,macro-ovr-auc,2.0,20,32,27,0,0.84375
pathobench.exaone2025.sr386_.braf-mutant-binary,pathobench,macro-ovr-auc,2.0,28,312,219,0,0.7019230769230769
pathobench.exaone2025.sr386_.died-within-5-years,pathobench,macro-ovr-auc,2.0,28,272,236,0,0.8676470588235294
pathobench.exaone2025.sr386_.mmr-loss-binary,pathobench,macro-ovr-auc,2.0,28,213,182,0,0.8544600938967136
pathobench.exaone2025.sr386_.os,pathobench,cindex,2.0,28,163,146,0,0.8957055214723927
pathobench.exaone2025.sr386_.ras-mutant-binary,pathobench,macro-ovr-auc,2.0,26,221,174,0,0.7873303167420814
pathobench.exaone2025.visiomel.relapse-noprev-melanoma,pathobench,macro-ovr-auc,2.0,29,249,206,0,0.8273092369477911
pathobench.exaone2025.visiomel.relapse-overall,pathobench,macro-ovr-auc,2.0,28,247,190,0,0.7692307692307693
pathobench.threads2025.bcnb.er,pathobench,macro-ovr-auc,2.0,28,214,207,0,0.9672897196261683
pathobench.threads2025.bcnb.her2,pathobench,macro-ovr-auc,2.0,28,181,172,0,0.9502762430939227
pathobench.threads2025.bcnb.pr,pathobench,macro-ovr-auc,2.0,29,102,102,0,1.0
pathobench.threads2025.boehmk_.pfs,pathobench,cindex,2.0,30,324,265,0,0.8179012345679012
pathobench.threads2025.bracs.slidelevel-coarse,pathobench,bacc,2.0,30,361,318,0,0.8808864265927978
pathobench.threads2025.bracs.slidelevel-fine,pathobench,bacc,2.0,30,425,354,0,0.8329411764705882
pathobench.threads2025.cptac_brca.pik3ca-mutation,pathobench,macro-ovr-auc,2.0,30,367,266,0,0.7247956403269755
pathobench.threads2025.cptac_brca.tp53-mutation,pathobench,macro-ovr-auc,2.0,30,368,327,0,0.8885869565217391
pathobench.threads2025.cptac_ccrcc.bap1-mutation,pathobench,macro-ovr-auc,2.0,30,405,293,0,0.7234567901234568
pathobench.threads2025.cptac_ccrcc.os,pathobench,cindex,2.0,27,326,247,0,0.7576687116564417
pathobench.threads2025.cptac_ccrcc.pbrm1-mutation,pathobench,macro-ovr-auc,2.0,29,383,329,0,0.8590078328981723
pathobench.threads2025.cptac_coad.kras-mutation,pathobench,macro-ovr-auc,2.0,28,300,221,0,0.7366666666666667
pathobench.threads2025.cptac_coad.tp53-mutation,pathobench,macro-ovr-auc,2.0,29,353,281,0,0.7960339943342776
pathobench.threads2025.cptac_gbm.egfr-mutation,pathobench,macro-ovr-auc,2.0,27,355,259,0,0.7295774647887324
pathobench.threads2025.cptac_gbm.tp53-mutation,pathobench,macro-ovr-auc,2.0,30,335,268,0,0.8
pathobench.threads2025.cptac_hnsc.casp8-mutation,pathobench,macro-ovr-auc,2.0,28,374,299,0,0.7994652406417112
pathobench.threads2025.cptac_hnsc.os,pathobench,cindex,2.0,29,348,301,0,0.8649425287356322
pathobench.threads2025.cptac_lscc.arid1a-mutation,pathobench,macro-ovr-auc,2.0,29,405,293,0,0.7234567901234568
pathobench.threads2025.cptac_lscc.keap1-mutation,pathobench,macro-ovr-auc,2.0,26,322,211,0,0.65527950310559
pathobench.threads2025.cptac_luad.egfr-mutation,pathobench,macro-ovr-auc,2.0,29,300,269,0,0.8966666666666666
pathobench.threads2025.cptac_luad.os,pathobench,cindex,2.0,29,400,284,0,0.71
pathobench.threads2025.cptac_luad.stk11-mutation,pathobench,macro-ovr-auc,2.0,30,376,355,0,0.9441489361702128
pathobench.threads2025.cptac_luad.tp53-mutation,pathobench,macro-ovr-auc,2.0,29,337,262,0,0.7774480712166172
pathobench.threads2025.cptac_pda.os,pathobench,cindex,2.0,27,348,283,0,0.8132183908045977
pathobench.threads2025.cptac_pda.smad4-mutation,pathobench,macro-ovr-auc,2.0,28,411,311,0,0.7566909975669099
pathobench.threads2025.ebrains.diagnosis,pathobench,bacc,2.0,30,349,294,0,0.8424068767908309
pathobench.threads2025.ebrains.diagnosis-group,pathobench,bacc,2.0,29,338,296,0,0.8757396449704142
pathobench.threads2025.imp.grade,pathobench,weighted_kappa,2.0,26,54,51,0,0.9444444444444444
pathobench.threads2025.mbc_.os,pathobench,cindex,2.0,29,364,317,0,0.8708791208791209
pathobench.threads2025.mbc_.recist,pathobench,weighted_kappa,2.0,29,359,299,0,0.8328690807799443
pathobench.threads2025.mut-het-rcc.bap1-mutation,pathobench,macro-ovr-auc,2.0,29,242,225,0,0.9297520661157025
pathobench.threads2025.mut-het-rcc.pbrm1-mutation,pathobench,macro-ovr-auc,2.0,30,277,252,0,0.9097472924187726
pathobench.threads2025.mut-het-rcc.setd2-mutation,pathobench,macro-ovr-auc,2.0,30,273,261,0,0.9560439560439561
pathobench.threads2025.nadt.response,pathobench,macro-ovr-auc,2.0,29,431,349,0,0.8097447795823666
pathobench.threads2025.natbrca.lymphovascular-invasion,pathobench,macro-ovr-auc,2.0,29,434,365,0,0.8410138248847926
pathobench.threads2025.ovarian.response,pathobench,macro-ovr-auc,2.0,29,375,270,0,0.72
pathobench.threads2025.panda.isup-grade,pathobench,weighted_kappa,2.0,28,233,194,0,0.8326180257510729
pathobench.threads2025.sr386_.braf-mutant-binary,pathobench,macro-ovr-auc,2.0,29,339,273,0,0.8053097345132744
pathobench.threads2025.sr386_.died-within-5-years,pathobench,macro-ovr-auc,2.0,29,319,257,0,0.8056426332288401
pathobench.threads2025.sr386_.mmr-loss-binary,pathobench,macro-ovr-auc,2.0,29,394,323,0,0.8197969543147208
pathobench.threads2025.sr386_.os,pathobench,cindex,2.0,29,210,172,0,0.819047619047619
pathobench.threads2025.sr386_.ras-mutant-binary,pathobench,macro-ovr-auc,2.0,29,249,201,0,0.8072289156626506
pathorob.camelyon.robustness_index,pathorob,robustness_index,2.0,30,3028,2412,0,0.7965653896961691
pathorob.nature2026.camelyon.clustering_score,pathorob,clustering_score,2.0,30,2752,2267,0,0.8237645348837209
pathorob.nature2026.tcga_4x4.clustering_score,pathorob,clustering_score,2.0,30,2750,2464,0,0.896
pathorob.nature2026.tolkach_esca.clustering_score,pathorob,clustering_score,2.0,30,2365,1961,0,0.8291754756871036
pathorob.tcga_2x2.robustness_index,pathorob,robustness_index,2.0,30,2780,2463,0,0.8859712230215827
pathorob.tolkach_esca.robustness_index,pathorob,robustness_index,2.0,30,2666,2387,0,0.8953488372093024
thunder.bach.linear_probing,thunder,f1,2.0,30,7219,6241,0,0.8645241723230365
thunder.bracs.linear_probing,thunder,f1,2.0,30,5989,5624,0,0.9390549340457506
thunder.break_his.linear_probing,thunder,f1,2.0,30,7283,5707,0,0.7836056570094742
thunder.ccrcc.linear_probing,thunder,f1,2.0,30,6820,6422,0,0.9416422287390029
thunder.crc.linear_probing,thunder,f1,2.0,30,4252,4181,0,0.9833019755409219
thunder.esca.linear_probing,thunder,f1,2.0,30,7069,6786,0,0.9599660489461027
thunder.mhist.linear_probing,thunder,f1,2.0,30,4707,4062,0,0.8629700446144041
thunder.patch_camelyon.linear_probing,thunder,f1,2.0,30,5638,5611,0,0.9952110677545228
thunder.spider_breast.linear_probing,thunder,f1,2.0,30,5976,5796,0,0.9698795180722891
thunder.spider_colorectal.linear_probing,thunder,f1,2.0,30,4990,4944,0,0.9907815631262525
thunder.spider_skin.linear_probing,thunder,f1,2.0,30,6165,6088,0,0.9875101378751013
thunder.spider_thorax.linear_probing,thunder,f1,2.0,30,4692,4655,0,0.9921142369991475
thunder.tcga_crc_msi.linear_probing,thunder,f1,2.0,30,6273,5985,0,0.9540889526542324
thunder.tcga_tils.linear_probing,thunder,f1,2.0,30,4238,4222,0,0.996224634261444
thunder.tcga_uniform.linear_probing,thunder,f1,2.0,30,7037,6403,0,0.9099047889725735
thunder.wilds.linear_probing,thunder,f1,2.0,30,5146,4778,0,0.9284881461329187
eva.leaderboard.bach.validation,eva,balanced_accuracy,5.0,30,1950,1761,0,0.9030769230769231
eva.leaderboard.bracs.validation,eva,balanced_accuracy,5.0,30,431,426,0,0.988399071925754
eva.leaderboard.breakhis.validation,eva,balanced_accuracy,5.0,30,1551,1493,0,0.9626047711154094
eva.leaderboard.camelyon16_small.test,eva,balanced_accuracy,5.0,30,1097,1077,0,0.9817684594348223
eva.leaderboard.camelyon16_small.validation,eva,balanced_accuracy,5.0,30,718,709,0,0.9874651810584958
eva.leaderboard.consep.validation,eva,dice,5.0,30,583,574,0,0.9845626072041166
eva.leaderboard.crc.validation,eva,balanced_accuracy,5.0,30,301,300,0,0.9966777408637874
eva.leaderboard.gleason_arvaniti.validation,eva,balanced_accuracy,5.0,30,1112,1099,0,0.9883093525179856
eva.leaderboard.mhist.test,eva,balanced_accuracy,5.0,30,690,635,0,0.9202898550724637
eva.leaderboard.monusac.test,eva,dice,5.0,30,642,642,0,1.0
eva.leaderboard.panda_small.test,eva,balanced_accuracy,5.0,30,660,626,0,0.9484848484848485
eva.leaderboard.patch_camelyon.test,eva,balanced_accuracy,5.0,30,733,733,0,1.0
eva.leaderboard.patch_camelyon.validation,eva,balanced_accuracy,5.0,24,36,36,0,1.0
eva.leaderboard.patch_camelyon_10shot.test,eva,balanced_accuracy,5.0,30,1083,1058,0,0.976915974145891
hest.coad.gene_expression,hest,pearson_r,5.0,28,79,79,0,1.0
hest.idc.gene_expression,hest,pearson_r,5.0,29,178,178,0,1.0
hest.paad.gene_expression,hest,pearson_r,5.0,29,118,118,0,1.0
hest.prad.gene_expression,hest,pearson_r,5.0,22,36,35,0,0.9722222222222222
hest.read.gene_expression,hest,pearson_r,5.0,30,333,333,0,1.0
hest.skcm.gene_expression,hest,pearson_r,5.0,30,961,961,0,1.0
pathobench.exaone2025.bc_therapy.er-status,pathobench,macro-ovr-auc,5.0,30,174,128,0,0.735632183908046
pathobench.exaone2025.bc_therapy.grade,pathobench,macro-ovr-auc,5.0,28,148,130,0,0.8783783783783784
pathobench.exaone2025.bc_therapy.her2-status,pathobench,macro-ovr-auc,5.0,30,168,150,0,0.8928571428571429
pathobench.exaone2025.bc_therapy.residual-cancer-burden,pathobench,macro-ovr-auc,5.0,24,50,43,0,0.86
pathobench.exaone2025.bcnb.er,pathobench,macro-ovr-auc,5.0,16,16,16,0,1.0
pathobench.exaone2025.boehmk_.pfs,pathobench,cindex,5.0,28,112,88,0,0.7857142857142857
pathobench.exaone2025.bracs.slidelevel-coarse,pathobench,macro-ovr-auc,5.0,28,179,161,0,0.8994413407821229
pathobench.exaone2025.bracs.slidelevel-fine,pathobench,macro-ovr-auc,5.0,28,122,120,0,0.9836065573770492
pathobench.exaone2025.cptac_brca.immune-class,pathobench,macro-ovr-auc,5.0,25,66,60,0,0.9090909090909091
pathobench.exaone2025.cptac_brca.pik3ca-mutation,pathobench,macro-ovr-auc,5.0,28,162,133,0,0.8209876543209876
pathobench.exaone2025.cptac_brca.tp53-mutation,pathobench,macro-ovr-auc,5.0,27,203,172,0,0.8472906403940886
pathobench.exaone2025.cptac_ccrcc.bap1-mutation,pathobench,macro-ovr-auc,5.0,27,164,121,0,0.7378048780487805
pathobench.exaone2025.cptac_ccrcc.os,pathobench,cindex,5.0,29,260,155,0,0.5961538461538461
pathobench.exaone2025.cptac_ccrcc.pbrm1-mutation,pathobench,macro-ovr-auc,5.0,26,94,91,0,0.9680851063829787
pathobench.exaone2025.cptac_ccrcc.vhl-mutation,pathobench,macro-ovr-auc,5.0,29,196,127,0,0.6479591836734694
pathobench.exaone2025.cptac_coad.acvr2a-mutation,pathobench,macro-ovr-auc,5.0,25,183,148,0,0.8087431693989071
pathobench.exaone2025.cptac_coad.apc-mutation,pathobench,macro-ovr-auc,5.0,30,194,153,0,0.788659793814433
pathobench.exaone2025.cptac_coad.arid1a-mutation,pathobench,macro-ovr-auc,5.0,20,33,30,0,0.9090909090909091
pathobench.exaone2025.cptac_coad.kras-mutation,pathobench,macro-ovr-auc,5.0,26,128,78,0,0.609375
pathobench.exaone2025.cptac_coad.msi-h,pathobench,macro-ovr-auc,5.0,23,66,56,0,0.8484848484848485
pathobench.exaone2025.cptac_coad.pik3ca-mutation,pathobench,macro-ovr-auc,5.0,30,135,96,0,0.7111111111111111
pathobench.exaone2025.cptac_coad.setd1b-mutation,pathobench,macro-ovr-auc,5.0,29,257,217,0,0.8443579766536965
pathobench.exaone2025.cptac_coad.tp53-mutation,pathobench,macro-ovr-auc,5.0,28,200,181,0,0.905
pathobench.exaone2025.cptac_gbm.egfr-mutation,pathobench,macro-ovr-auc,5.0,29,235,197,0,0.8382978723404255
pathobench.exaone2025.cptac_gbm.immune-class,pathobench,macro-ovr-auc,5.0,29,102,75,0,0.7352941176470589
pathobench.exaone2025.cptac_gbm.tp53-mutation,pathobench,macro-ovr-auc,5.0,29,146,128,0,0.8767123287671232
pathobench.exaone2025.cptac_hnsc.casp8-mutation,pathobench,macro-ovr-auc,5.0,28,243,180,0,0.7407407407407407
pathobench.exaone2025.cptac_hnsc.histologic-grade,pathobench,macro-ovr-auc,5.0,29,87,79,0,0.9080459770114943
pathobench.exaone2025.cptac_hnsc.immune-class,pathobench,macro-ovr-auc,5.0,29,101,53,0,0.5247524752475248
pathobench.exaone2025.cptac_hnsc.os,pathobench,cindex,5.0,28,232,175,0,0.7543103448275862
pathobench.exaone2025.cptac_lscc.arid1a-mutation,pathobench,macro-ovr-auc,5.0,30,238,192,0,0.8067226890756303
pathobench.exaone2025.cptac_lscc.histologic-grade,pathobench,macro-ovr-auc,5.0,28,193,165,0,0.8549222797927462
pathobench.exaone2025.cptac_lscc.immune-class,pathobench,macro-ovr-auc,5.0,28,103,90,0,0.8737864077669902
pathobench.exaone2025.cptac_lscc.keap1-mutation,pathobench,macro-ovr-auc,5.0,28,182,128,0,0.7032967032967034
pathobench.exaone2025.cptac_luad.egfr-mutation,pathobench,macro-ovr-auc,5.0,30,106,83,0,0.7830188679245284
pathobench.exaone2025.cptac_luad.immune-class,pathobench,macro-ovr-auc,5.0,28,145,133,0,0.9172413793103448
pathobench.exaone2025.cptac_luad.kras-mutation,pathobench,macro-ovr-auc,5.0,28,169,135,0,0.7988165680473372
pathobench.exaone2025.cptac_luad.os,pathobench,cindex,5.0,27,184,152,0,0.8260869565217391
pathobench.exaone2025.cptac_luad.tp53-mutation,pathobench,macro-ovr-auc,5.0,29,153,136,0,0.8888888888888888
pathobench.exaone2025.cptac_ov.immune-class,pathobench,macro-ovr-auc,5.0,24,99,78,0,0.7878787878787878
pathobench.exaone2025.cptac_pda.os,pathobench,cindex,5.0,29,200,166,0,0.83
pathobench.exaone2025.cptac_pda.smad4-mutation,pathobench,macro-ovr-auc,5.0,28,248,153,0,0.6169354838709677
pathobench.exaone2025.cptac_ucec.ctnnb1-mutation,pathobench,macro-ovr-auc,5.0,19,32,30,0,0.9375
pathobench.exaone2025.cptac_ucec.immune-class,pathobench,macro-ovr-auc,5.0,28,154,129,0,0.8376623376623377
pathobench.exaone2025.cptac_ucec.pten-mutation,pathobench,macro-ovr-auc,5.0,29,191,132,0,0.6910994764397905
pathobench.exaone2025.hancook.grading-scc-conventional-keratinizing,pathobench,macro-ovr-auc,5.0,29,83,73,0,0.8795180722891566
pathobench.exaone2025.hancook.grading-scc-conventional-nonkeratinizing,pathobench,macro-ovr-auc,5.0,28,168,154,0,0.9166666666666666
pathobench.exaone2025.hancook.lymphovascular-invasion-l,pathobench,macro-ovr-auc,5.0,28,100,88,0,0.88
pathobench.exaone2025.hancook.os-treatment-rdc,pathobench,cindex,5.0,28,211,142,0,0.6729857819905213
pathobench.exaone2025.hancook.primarily-metastasis,pathobench,macro-ovr-auc,5.0,28,132,116,0,0.8787878787878788
pathobench.exaone2025.hancook.primary-tumor-site,pathobench,macro-ovr-auc,5.0,27,85,78,0,0.9176470588235294
pathobench.exaone2025.hancook.vascular-invasion-v,pathobench,macro-ovr-auc,5.0,26,38,38,0,1.0
pathobench.exaone2025.herroi.response,pathobench,macro-ovr-auc,5.0,25,123,84,0,0.6829268292682927
pathobench.exaone2025.mbc_.os,pathobench,cindex,5.0,29,245,174,0,0.710204081632653
pathobench.exaone2025.mbc_.recist,pathobench,macro-ovr-auc,5.0,14,14,13,0,0.9285714285714286
pathobench.exaone2025.nadt.response,pathobench,macro-ovr-auc,5.0,25,93,91,0,0.978494623655914
pathobench.exaone2025.natbrca.lymphovascular-invasion,pathobench,macro-ovr-auc,5.0,29,198,129,0,0.6515151515151515
pathobench.exaone2025.ovarian.response,pathobench,macro-ovr-auc,5.0,29,234,127,0,0.5427350427350427
pathobench.exaone2025.sr386_.braf-mutant-binary,pathobench,macro-ovr-auc,5.0,28,176,136,0,0.7727272727272727
pathobench.exaone2025.sr386_.died-within-5-years,pathobench,macro-ovr-auc,5.0,28,151,140,0,0.9271523178807947
pathobench.exaone2025.sr386_.mmr-loss-binary,pathobench,macro-ovr-auc,5.0,22,33,32,0,0.9696969696969697
pathobench.exaone2025.sr386_.ras-mutant-binary,pathobench,macro-ovr-auc,5.0,26,187,156,0,0.8342245989304813
pathobench.exaone2025.visiomel.relapse-noprev-melanoma,pathobench,macro-ovr-auc,5.0,27,111,98,0,0.8828828828828829
pathobench.exaone2025.visiomel.relapse-overall,pathobench,macro-ovr-auc,5.0,28,168,145,0,0.8630952380952381
pathobench.threads2025.bcnb.er,pathobench,macro-ovr-auc,5.0,16,16,16,0,1.0
pathobench.threads2025.bcnb.her2,pathobench,macro-ovr-auc,5.0,24,64,64,0,1.0
pathobench.threads2025.boehmk_.pfs,pathobench,cindex,5.0,27,69,67,0,0.9710144927536232
pathobench.threads2025.bracs.slidelevel-coarse,pathobench,bacc,5.0,30,264,248,0,0.9393939393939394
pathobench.threads2025.bracs.slidelevel-fine,pathobench,bacc,5.0,30,276,257,0,0.9311594202898551
pathobench.threads2025.cptac_brca.pik3ca-mutation,pathobench,macro-ovr-auc,5.0,30,201,158,0,0.7860696517412935
pathobench.threads2025.cptac_brca.tp53-mutation,pathobench,macro-ovr-auc,5.0,30,151,148,0,0.9801324503311258
pathobench.threads2025.cptac_ccrcc.bap1-mutation,pathobench,macro-ovr-auc,5.0,30,268,222,0,0.8283582089552238
pathobench.threads2025.cptac_ccrcc.os,pathobench,cindex,5.0,27,294,223,0,0.7585034013605442
pathobench.threads2025.cptac_ccrcc.pbrm1-mutation,pathobench,macro-ovr-auc,5.0,29,284,255,0,0.897887323943662
pathobench.threads2025.cptac_coad.kras-mutation,pathobench,macro-ovr-auc,5.0,28,272,207,0,0.7610294117647058
pathobench.threads2025.cptac_coad.tp53-mutation,pathobench,macro-ovr-auc,5.0,29,219,177,0,0.8082191780821918
pathobench.threads2025.cptac_gbm.egfr-mutation,pathobench,macro-ovr-auc,5.0,27,264,202,0,0.7651515151515151
pathobench.threads2025.cptac_gbm.tp53-mutation,pathobench,macro-ovr-auc,5.0,26,95,86,0,0.9052631578947369
pathobench.threads2025.cptac_hnsc.casp8-mutation,pathobench,macro-ovr-auc,5.0,28,358,288,0,0.8044692737430168
pathobench.threads2025.cptac_hnsc.os,pathobench,cindex,5.0,29,250,230,0,0.92
pathobench.threads2025.cptac_lscc.arid1a-mutation,pathobench,macro-ovr-auc,5.0,29,309,244,0,0.7896440129449838
pathobench.threads2025.cptac_lscc.keap1-mutation,pathobench,macro-ovr-auc,5.0,26,211,134,0,0.6350710900473934
pathobench.threads2025.cptac_luad.egfr-mutation,pathobench,macro-ovr-auc,5.0,29,207,188,0,0.9082125603864735
pathobench.threads2025.cptac_luad.os,pathobench,cindex,5.0,29,317,245,0,0.7728706624605678
pathobench.threads2025.cptac_luad.stk11-mutation,pathobench,macro-ovr-auc,5.0,30,170,166,0,0.9764705882352941
pathobench.threads2025.cptac_luad.tp53-mutation,pathobench,macro-ovr-auc,5.0,29,167,143,0,0.8562874251497006
pathobench.threads2025.cptac_pda.os,pathobench,cindex,5.0,27,279,229,0,0.8207885304659498
pathobench.threads2025.cptac_pda.smad4-mutation,pathobench,macro-ovr-auc,5.0,28,315,268,0,0.8507936507936508
pathobench.threads2025.ebrains.diagnosis,pathobench,bacc,5.0,30,162,150,0,0.9259259259259259
pathobench.threads2025.ebrains.diagnosis-group,pathobench,bacc,5.0,29,151,145,0,0.9602649006622517
pathobench.threads2025.mbc_.os,pathobench,cindex,5.0,29,212,196,0,0.9245283018867925
pathobench.threads2025.mbc_.recist,pathobench,weighted_kappa,5.0,29,227,202,0,0.8898678414096917
pathobench.threads2025.mut-het-rcc.pbrm1-mutation,pathobench,macro-ovr-auc,5.0,27,84,84,0,1.0
pathobench.threads2025.mut-het-rcc.setd2-mutation,pathobench,macro-ovr-auc,5.0,19,19,19,0,1.0
pathobench.threads2025.nadt.response,pathobench,macro-ovr-auc,5.0,29,300,255,0,0.85
pathobench.threads2025.natbrca.lymphovascular-invasion,pathobench,macro-ovr-auc,5.0,29,306,273,0,0.8921568627450981
pathobench.threads2025.ovarian.response,pathobench,macro-ovr-auc,5.0,29,342,255,0,0.7456140350877193
pathobench.threads2025.panda.isup-grade,pathobench,weighted_kappa,5.0,22,35,35,0,1.0
pathobench.threads2025.sr386_.braf-mutant-binary,pathobench,macro-ovr-auc,5.0,25,123,115,0,0.9349593495934959
pathobench.threads2025.sr386_.died-within-5-years,pathobench,macro-ovr-auc,5.0,21,47,46,0,0.9787234042553191
pathobench.threads2025.sr386_.mmr-loss-binary,pathobench,macro-ovr-auc,5.0,29,176,151,0,0.8579545454545454
pathobench.threads2025.sr386_.os,pathobench,cindex,5.0,14,14,14,0,1.0
pathobench.threads2025.sr386_.ras-mutant-binary,pathobench,macro-ovr-auc,5.0,19,19,19,0,1.0
pathorob.camelyon.robustness_index,pathorob,robustness_index,5.0,30,2784,2302,0,0.826867816091954
pathorob.nature2026.camelyon.clustering_score,pathorob,clustering_score,5.0,30,2335,2024,0,0.8668094218415417
pathorob.nature2026.tcga_4x4.clustering_score,pathorob,clustering_score,5.0,30,2214,2085,0,0.9417344173441734
pathorob.nature2026.tolkach_esca.clustering_score,pathorob,clustering_score,5.0,30,1624,1421,0,0.875
pathorob.tcga_2x2.robustness_index,pathorob,robustness_index,5.0,30,2247,2113,0,0.9403649310191367
pathorob.tolkach_esca.robustness_index,pathorob,robustness_index,5.0,30,1999,1886,0,0.943471735867934
thunder.bach.linear_probing,thunder,f1,5.0,30,6211,5580,0,0.8984060537755595
thunder.bracs.linear_probing,thunder,f1,5.0,30,3070,3039,0,0.9899022801302931
thunder.break_his.linear_probing,thunder,f1,5.0,30,6032,4920,0,0.8156498673740054
thunder.ccrcc.linear_probing,thunder,f1,5.0,30,4902,4785,0,0.9761321909424725
thunder.crc.linear_probing,thunder,f1,5.0,30,1030,1030,0,1.0
thunder.esca.linear_probing,thunder,f1,5.0,30,5427,5368,0,0.9891284319145016
thunder.mhist.linear_probing,thunder,f1,5.0,30,1216,1135,0,0.9333881578947368
thunder.patch_camelyon.linear_probing,thunder,f1,5.0,30,2722,2722,0,1.0
thunder.spider_breast.linear_probing,thunder,f1,5.0,30,4081,4076,0,0.9987748100955648
thunder.spider_colorectal.linear_probing,thunder,f1,5.0,30,2306,2306,0,1.0
thunder.spider_skin.linear_probing,thunder,f1,5.0,30,4236,4236,0,1.0
thunder.spider_thorax.linear_probing,thunder,f1,5.0,30,2620,2620,0,1.0
thunder.tcga_crc_msi.linear_probing,thunder,f1,5.0,30,4083,4077,0,0.9985304922850845
thunder.tcga_tils.linear_probing,thunder,f1,5.0,30,964,964,0,1.0
thunder.tcga_uniform.linear_probing,thunder,f1,5.0,30,5693,5444,0,0.9562620762339715
thunder.wilds.linear_probing,thunder,f1,5.0,30,2371,2217,0,0.9350485027414593
