protocol,candidate_mode,method,repeat,k,added_evaluation_id,ranking_scope,top_fraction,total_k,median_recovery,pooled_recovery
all_known,any_candidate,greedy,,1,pathobench.exaone2025.cptac_luad.stk11-mutation,all_target,0.2,508,0.0,0.2047244094488189
all_known,any_candidate,greedy,,2,hest.read.gene_expression,all_target,0.2,508,0.2857142857142857,0.33661417322834647
all_known,any_candidate,greedy,,3,pathobench.threads2025.cptac_brca.tp53-mutation,all_target,0.2,508,0.5,0.421259842519685
all_known,any_candidate,greedy,,4,pathorob.tcga_2x2.robustness_index,all_target,0.2,508,0.5,0.4311023622047244
all_known,any_candidate,greedy,,5,eva.leaderboard.monusac.test,all_target,0.2,508,0.5,0.4409448818897638
all_known,any_candidate,greedy,,6,thunder.patch_camelyon.linear_probing,all_target,0.2,508,0.5,0.4625984251968504
all_known,any_candidate,greedy,,7,pathobench.exaone2025.cptac_ccrcc.immune-class,all_target,0.2,508,0.5,0.4409448818897638
all_known,any_candidate,greedy,,8,hoptimus1report2025.braf_crc.cptac_coad.abmil_auc,all_target,0.2,508,0.5,0.452755905511811
all_known,any_candidate,greedy,,9,pathobench.threads2025.cptac_ccrcc.os,all_target,0.2,508,0.5,0.46653543307086615
all_known,any_candidate,greedy,,10,eva.leaderboard.bach.validation,all_target,0.2,508,0.5,0.4744094488188976
all_known,any_candidate,random_prefix,0,1,,all_target,0.2,508,0.0,0.17125984251968504
all_known,any_candidate,random_prefix,0,2,,all_target,0.2,508,0.0,0.23031496062992127
all_known,any_candidate,random_prefix,0,3,,all_target,0.2,508,0.3333333333333333,0.3228346456692913
all_known,any_candidate,random_prefix,0,4,,all_target,0.2,508,0.2857142857142857,0.3031496062992126
all_known,any_candidate,random_prefix,0,5,,all_target,0.2,508,0.16666666666666666,0.28937007874015747
all_known,any_candidate,random_prefix,0,6,,all_target,0.2,508,0.14285714285714285,0.28937007874015747
all_known,any_candidate,random_prefix,0,7,,all_target,0.2,508,0.42857142857142855,0.3425196850393701
all_known,any_candidate,random_prefix,0,8,,all_target,0.2,508,0.42857142857142855,0.35039370078740156
all_known,any_candidate,random_prefix,0,9,,all_target,0.2,508,0.42857142857142855,0.35236220472440943
all_known,any_candidate,random_prefix,0,10,,all_target,0.2,508,0.42857142857142855,0.3543307086614173
all_known,any_candidate,random_prefix,1,1,,all_target,0.2,508,0.0,0.19488188976377951
all_known,any_candidate,random_prefix,1,2,,all_target,0.2,508,0.25,0.297244094488189
all_known,any_candidate,random_prefix,1,3,,all_target,0.2,508,0.25,0.30708661417322836
all_known,any_candidate,random_prefix,1,4,,all_target,0.2,508,0.25,0.3169291338582677
all_known,any_candidate,random_prefix,1,5,,all_target,0.2,508,0.25,0.3228346456692913
all_known,any_candidate,random_prefix,1,6,,all_target,0.2,508,0.5,0.3858267716535433
all_known,any_candidate,random_prefix,1,7,,all_target,0.2,508,0.5,0.3937007874015748
all_known,any_candidate,random_prefix,1,8,,all_target,0.2,508,0.5,0.38976377952755903
all_known,any_candidate,random_prefix,1,9,,all_target,0.2,508,0.5,0.41929133858267714
all_known,any_candidate,random_prefix,1,10,,all_target,0.2,508,0.5,0.4409448818897638
all_known,any_candidate,random_prefix,2,1,,all_target,0.2,508,0.0,0.13188976377952755
all_known,any_candidate,random_prefix,2,2,,all_target,0.2,508,0.0,0.1889763779527559
all_known,any_candidate,random_prefix,2,3,,all_target,0.2,508,0.2857142857142857,0.297244094488189
all_known,any_candidate,random_prefix,2,4,,all_target,0.2,508,0.3333333333333333,0.3346456692913386
all_known,any_candidate,random_prefix,2,5,,all_target,0.2,508,0.5,0.3838582677165354
all_known,any_candidate,random_prefix,2,6,,all_target,0.2,508,0.5,0.38188976377952755
all_known,any_candidate,random_prefix,2,7,,all_target,0.2,508,0.5,0.3838582677165354
all_known,any_candidate,random_prefix,2,8,,all_target,0.2,508,0.5,0.37598425196850394
all_known,any_candidate,random_prefix,2,9,,all_target,0.2,508,0.5,0.38976377952755903
all_known,any_candidate,random_prefix,2,10,,all_target,0.2,508,0.5,0.39960629921259844
all_known,any_candidate,random_prefix,3,1,,all_target,0.2,508,0.0,0.19291338582677164
all_known,any_candidate,random_prefix,3,2,,all_target,0.2,508,0.0,0.19291338582677164
all_known,any_candidate,random_prefix,3,3,,all_target,0.2,508,0.16666666666666666,0.27755905511811024
all_known,any_candidate,random_prefix,3,4,,all_target,0.2,508,0.2857142857142857,0.3110236220472441
all_known,any_candidate,random_prefix,3,5,,all_target,0.2,508,0.42857142857142855,0.3484251968503937
all_known,any_candidate,random_prefix,3,6,,all_target,0.2,508,0.42857142857142855,0.3838582677165354
all_known,any_candidate,random_prefix,3,7,,all_target,0.2,508,0.42857142857142855,0.37401574803149606
all_known,any_candidate,random_prefix,3,8,,all_target,0.2,508,0.5,0.3799212598425197
all_known,any_candidate,random_prefix,3,9,,all_target,0.2,508,0.5,0.4330708661417323
all_known,any_candidate,random_prefix,3,10,,all_target,0.2,508,0.5,0.4389763779527559
all_known,any_candidate,random_prefix,4,1,,all_target,0.2,508,0.0,0.1377952755905512
all_known,any_candidate,random_prefix,4,2,,all_target,0.2,508,0.0,0.1830708661417323
all_known,any_candidate,random_prefix,4,3,,all_target,0.2,508,0.0,0.2106299212598425
all_known,any_candidate,random_prefix,4,4,,all_target,0.2,508,0.0,0.20669291338582677
all_known,any_candidate,random_prefix,4,5,,all_target,0.2,508,0.42857142857142855,0.31496062992125984
all_known,any_candidate,random_prefix,4,6,,all_target,0.2,508,0.3333333333333333,0.32086614173228345
all_known,any_candidate,random_prefix,4,7,,all_target,0.2,508,0.5,0.34448818897637795
all_known,any_candidate,random_prefix,4,8,,all_target,0.2,508,0.5,0.35039370078740156
all_known,any_candidate,random_prefix,4,9,,all_target,0.2,508,0.5,0.328740157480315
all_known,any_candidate,random_prefix,4,10,,all_target,0.2,508,0.5,0.33661417322834647
all_known,any_candidate,random_prefix,5,1,,all_target,0.2,508,0.0,0.1279527559055118
all_known,any_candidate,random_prefix,5,2,,all_target,0.2,508,0.0,0.17716535433070865
all_known,any_candidate,random_prefix,5,3,,all_target,0.2,508,0.14285714285714285,0.20669291338582677
all_known,any_candidate,random_prefix,5,4,,all_target,0.2,508,0.42857142857142855,0.3346456692913386
all_known,any_candidate,random_prefix,5,5,,all_target,0.2,508,0.5,0.35236220472440943
all_known,any_candidate,random_prefix,5,6,,all_target,0.2,508,0.5,0.3464566929133858
all_known,any_candidate,random_prefix,5,7,,all_target,0.2,508,0.5,0.4074803149606299
all_known,any_candidate,random_prefix,5,8,,all_target,0.2,508,0.5,0.4566929133858268
all_known,any_candidate,random_prefix,5,9,,all_target,0.2,508,0.5,0.4330708661417323
all_known,any_candidate,random_prefix,5,10,,all_target,0.2,508,0.5,0.4507874015748031
all_known,any_candidate,random_prefix,6,1,,all_target,0.2,508,0.0,0.281496062992126
all_known,any_candidate,random_prefix,6,2,,all_target,0.2,508,0.3333333333333333,0.3562992125984252
all_known,any_candidate,random_prefix,6,3,,all_target,0.2,508,0.42857142857142855,0.38976377952755903
all_known,any_candidate,random_prefix,6,4,,all_target,0.2,508,0.42857142857142855,0.38188976377952755
all_known,any_candidate,random_prefix,6,5,,all_target,0.2,508,0.42857142857142855,0.38976377952755903
all_known,any_candidate,random_prefix,6,6,,all_target,0.2,508,0.3333333333333333,0.38976377952755903
all_known,any_candidate,random_prefix,6,7,,all_target,0.2,508,0.3333333333333333,0.3956692913385827
all_known,any_candidate,random_prefix,6,8,,all_target,0.2,508,0.42857142857142855,0.4035433070866142
all_known,any_candidate,random_prefix,6,9,,all_target,0.2,508,0.25,0.3661417322834646
all_known,any_candidate,random_prefix,6,10,,all_target,0.2,508,0.5,0.41141732283464566
all_known,any_candidate,random_prefix,7,1,,all_target,0.2,508,0.0,0.17716535433070865
all_known,any_candidate,random_prefix,7,2,,all_target,0.2,508,0.14285714285714285,0.2992125984251969
all_known,any_candidate,random_prefix,7,3,,all_target,0.2,508,0.5,0.33661417322834647
all_known,any_candidate,random_prefix,7,4,,all_target,0.2,508,0.5,0.35826771653543305
all_known,any_candidate,random_prefix,7,5,,all_target,0.2,508,0.5,0.4074803149606299
all_known,any_candidate,random_prefix,7,6,,all_target,0.2,508,0.5,0.3858267716535433
all_known,any_candidate,random_prefix,7,7,,all_target,0.2,508,0.5,0.38976377952755903
all_known,any_candidate,random_prefix,7,8,,all_target,0.2,508,0.5,0.41141732283464566
all_known,any_candidate,random_prefix,7,9,,all_target,0.2,508,0.5,0.4035433070866142
all_known,any_candidate,random_prefix,7,10,,all_target,0.2,508,0.5,0.41338582677165353
all_known,any_candidate,random_prefix,8,1,,all_target,0.2,508,0.0,0.2440944881889764
all_known,any_candidate,random_prefix,8,2,,all_target,0.2,508,0.0,0.2618110236220472
all_known,any_candidate,random_prefix,8,3,,all_target,0.2,508,0.0,0.2578740157480315
all_known,any_candidate,random_prefix,8,4,,all_target,0.2,508,0.0,0.2578740157480315
all_known,any_candidate,random_prefix,8,5,,all_target,0.2,508,0.0,0.2933070866141732
all_known,any_candidate,random_prefix,8,6,,all_target,0.2,508,0.0,0.30708661417322836
all_known,any_candidate,random_prefix,8,7,,all_target,0.2,508,0.14285714285714285,0.30118110236220474
all_known,any_candidate,random_prefix,8,8,,all_target,0.2,508,0.25,0.328740157480315
all_known,any_candidate,random_prefix,8,9,,all_target,0.2,508,0.25,0.32086614173228345
all_known,any_candidate,random_prefix,8,10,,all_target,0.2,508,0.25,0.31496062992125984
all_known,any_candidate,random_prefix,9,1,,all_target,0.2,508,0.0,0.13188976377952755
all_known,any_candidate,random_prefix,9,2,,all_target,0.2,508,0.14285714285714285,0.23818897637795275
all_known,any_candidate,random_prefix,9,3,,all_target,0.2,508,0.0,0.23031496062992127
all_known,any_candidate,random_prefix,9,4,,all_target,0.2,508,0.2857142857142857,0.27755905511811024
all_known,any_candidate,random_prefix,9,5,,all_target,0.2,508,0.25,0.30708661417322836
all_known,any_candidate,random_prefix,9,6,,all_target,0.2,508,0.2857142857142857,0.3248031496062992
all_known,any_candidate,random_prefix,9,7,,all_target,0.2,508,0.3333333333333333,0.3228346456692913
all_known,any_candidate,random_prefix,9,8,,all_target,0.2,508,0.3333333333333333,0.33267716535433073
all_known,any_candidate,random_prefix,9,9,,all_target,0.2,508,0.5,0.36811023622047245
all_known,any_candidate,random_prefix,9,10,,all_target,0.2,508,0.5,0.4153543307086614
heldout_non_probe,any_candidate,train_selected_greedy,,1,pathobench.exaone2025.cptac_luad.stk11-mutation,hidden_only,0.2,13,0.42857142857142855,0.42662595703884504
heldout_with_probe_zero,any_candidate,train_selected_greedy,,1,pathobench.exaone2025.cptac_luad.stk11-mutation,all_target,0.2,13,0.42857142857142855,0.42662595703884504
heldout_non_probe,any_candidate,train_selected_greedy,,2,hest.read.gene_expression,hidden_only,0.2,12,0.5,0.47685130221062266
heldout_with_probe_zero,any_candidate,train_selected_greedy,,2,hest.read.gene_expression,all_target,0.2,13,0.5357142857142857,0.48713196830253574
heldout_non_probe,any_candidate,train_selected_greedy,,3,pathobench.threads2025.cptac_brca.tp53-mutation,hidden_only,0.2,12,0.4642857142857143,0.46244874022764143
heldout_with_probe_zero,any_candidate,train_selected_greedy,,3,pathobench.threads2025.cptac_brca.tp53-mutation,all_target,0.2,13,0.5714285714285714,0.47289486899631206
heldout_non_probe,any_candidate,train_selected_greedy,,4,pathorob.tcga_2x2.robustness_index,hidden_only,0.2,12,0.5357142857142857,0.49564081642229973
heldout_with_probe_zero,any_candidate,train_selected_greedy,,4,pathorob.tcga_2x2.robustness_index,all_target,0.2,13,0.6428571428571429,0.5095919385663424
heldout_non_probe,any_candidate,train_selected_greedy,,5,eva.leaderboard.monusac.test,hidden_only,0.2,12,0.6785714285714286,0.5868777369991056
heldout_with_probe_zero,any_candidate,train_selected_greedy,,5,eva.leaderboard.monusac.test,all_target,0.2,13,0.7857142857142857,0.6055530972233535
heldout_non_probe,any_candidate,train_selected_greedy,,6,thunder.patch_camelyon.linear_probing,hidden_only,0.2,12,0.5357142857142857,0.5647940601193008
heldout_with_probe_zero,any_candidate,train_selected_greedy,,6,thunder.patch_camelyon.linear_probing,all_target,0.2,13,0.7142857142857143,0.5899729036074458
heldout_non_probe,any_candidate,train_selected_greedy,,7,pathobench.exaone2025.cptac_ccrcc.immune-class,hidden_only,0.2,12,0.6071428571428571,0.5730824219029224
heldout_with_probe_zero,any_candidate,train_selected_greedy,,7,pathobench.exaone2025.cptac_ccrcc.immune-class,all_target,0.2,13,0.7142857142857143,0.5998500810230344
heldout_non_probe,any_candidate,train_selected_greedy,,8,hoptimus1report2025.braf_crc.cptac_coad.abmil_auc,hidden_only,0.2,12,0.6071428571428571,0.5773772881076388
heldout_with_probe_zero,any_candidate,train_selected_greedy,,8,hoptimus1report2025.braf_crc.cptac_coad.abmil_auc,all_target,0.2,13,0.7142857142857143,0.6078956069257032
heldout_non_probe,any_candidate,train_selected_greedy,,9,pathobench.threads2025.cptac_ccrcc.os,hidden_only,0.2,12,0.7142857142857143,0.590143126150173
heldout_with_probe_zero,any_candidate,train_selected_greedy,,9,pathobench.threads2025.cptac_ccrcc.os,all_target,0.2,13,0.75,0.6222142376037808
heldout_non_probe,any_candidate,train_selected_greedy,,10,eva.leaderboard.bach.validation,hidden_only,0.2,12,0.6428571428571429,0.5850985018726773
heldout_with_probe_zero,any_candidate,train_selected_greedy,,10,eva.leaderboard.bach.validation,all_target,0.2,13,0.7857142857142857,0.6203747176767035
all_known,pre_error_low_friction_allowlist,greedy,,1,thunder.bach.linear_probing,all_target,0.2,508,0.0,0.25196850393700787
all_known,pre_error_low_friction_allowlist,greedy,,2,eva.leaderboard.bach.validation,all_target,0.2,508,0.0,0.2677165354330709
all_known,pre_error_low_friction_allowlist,greedy,,3,hoptimus1report2025.tcga_uniform.linear_probe_top1,all_target,0.2,508,0.0,0.28346456692913385
all_known,pre_error_low_friction_allowlist,greedy,,4,hoptimus1report2025.cam17_wilds.linear_probe_top1,all_target,0.2,508,0.0,0.28937007874015747
all_known,pre_error_low_friction_allowlist,greedy,,5,hoptimus1report2025.crc_no_norm.linear_probe_top1,all_target,0.2,508,0.0,0.2933070866141732
all_known,pre_error_low_friction_allowlist,greedy,,6,eva.leaderboard.bracs.validation,all_target,0.2,508,0.0,0.2952755905511811
all_known,pre_error_low_friction_allowlist,greedy,,7,eva.leaderboard.gleason_arvaniti.validation,all_target,0.2,508,0.0,0.30118110236220474
all_known,pre_error_low_friction_allowlist,greedy,,8,thunder.break_his.linear_probing,all_target,0.2,508,0.0,0.3188976377952756
all_known,pre_error_low_friction_allowlist,greedy,,9,thunder.bracs.linear_probing,all_target,0.2,508,0.0,0.31299212598425197
all_known,pre_error_low_friction_allowlist,greedy,,10,eva.leaderboard.breakhis.validation,all_target,0.2,508,0.0,0.3169291338582677
all_known,pre_error_low_friction_allowlist,random_prefix,0,1,,all_target,0.2,508,0.0,0.19488188976377951
all_known,pre_error_low_friction_allowlist,random_prefix,0,2,,all_target,0.2,508,0.0,0.21653543307086615
all_known,pre_error_low_friction_allowlist,random_prefix,0,3,,all_target,0.2,508,0.0,0.2578740157480315
all_known,pre_error_low_friction_allowlist,random_prefix,0,4,,all_target,0.2,508,0.0,0.2992125984251969
all_known,pre_error_low_friction_allowlist,random_prefix,0,5,,all_target,0.2,508,0.0,0.29133858267716534
all_known,pre_error_low_friction_allowlist,random_prefix,0,6,,all_target,0.2,508,0.0,0.3110236220472441
all_known,pre_error_low_friction_allowlist,random_prefix,0,7,,all_target,0.2,508,0.0,0.31299212598425197
all_known,pre_error_low_friction_allowlist,random_prefix,0,8,,all_target,0.2,508,0.0,0.3090551181102362
all_known,pre_error_low_friction_allowlist,random_prefix,0,9,,all_target,0.2,508,0.0,0.33267716535433073
all_known,pre_error_low_friction_allowlist,random_prefix,0,10,,all_target,0.2,508,0.0,0.3346456692913386
all_known,pre_error_low_friction_allowlist,random_prefix,1,1,,all_target,0.2,508,0.0,0.1968503937007874
all_known,pre_error_low_friction_allowlist,random_prefix,1,2,,all_target,0.2,508,0.0,0.19094488188976377
all_known,pre_error_low_friction_allowlist,random_prefix,1,3,,all_target,0.2,508,0.0,0.3090551181102362
all_known,pre_error_low_friction_allowlist,random_prefix,1,4,,all_target,0.2,508,0.0,0.31496062992125984
all_known,pre_error_low_friction_allowlist,random_prefix,1,5,,all_target,0.2,508,0.0,0.3188976377952756
all_known,pre_error_low_friction_allowlist,random_prefix,1,6,,all_target,0.2,508,0.0,0.328740157480315
all_known,pre_error_low_friction_allowlist,random_prefix,1,7,,all_target,0.2,508,0.0,0.33661417322834647
all_known,pre_error_low_friction_allowlist,random_prefix,1,8,,all_target,0.2,508,0.0,0.34448818897637795
all_known,pre_error_low_friction_allowlist,random_prefix,1,9,,all_target,0.2,508,0.0,0.36220472440944884
all_known,pre_error_low_friction_allowlist,random_prefix,1,10,,all_target,0.2,508,0.0,0.3641732283464567
all_known,pre_error_low_friction_allowlist,random_prefix,2,1,,all_target,0.2,508,0.0,0.281496062992126
all_known,pre_error_low_friction_allowlist,random_prefix,2,2,,all_target,0.2,508,0.0,0.2736220472440945
all_known,pre_error_low_friction_allowlist,random_prefix,2,3,,all_target,0.2,508,0.0,0.2952755905511811
all_known,pre_error_low_friction_allowlist,random_prefix,2,4,,all_target,0.2,508,0.0,0.3051181102362205
all_known,pre_error_low_friction_allowlist,random_prefix,2,5,,all_target,0.2,508,0.0,0.32086614173228345
all_known,pre_error_low_friction_allowlist,random_prefix,2,6,,all_target,0.2,508,0.0,0.3188976377952756
all_known,pre_error_low_friction_allowlist,random_prefix,2,7,,all_target,0.2,508,0.0,0.328740157480315
all_known,pre_error_low_friction_allowlist,random_prefix,2,8,,all_target,0.2,508,0.0,0.3425196850393701
all_known,pre_error_low_friction_allowlist,random_prefix,2,9,,all_target,0.2,508,0.0,0.328740157480315
all_known,pre_error_low_friction_allowlist,random_prefix,2,10,,all_target,0.2,508,0.0,0.3464566929133858
all_known,pre_error_low_friction_allowlist,random_prefix,3,1,,all_target,0.2,508,0.0,0.17125984251968504
all_known,pre_error_low_friction_allowlist,random_prefix,3,2,,all_target,0.2,508,0.0,0.25196850393700787
all_known,pre_error_low_friction_allowlist,random_prefix,3,3,,all_target,0.2,508,0.0,0.2952755905511811
all_known,pre_error_low_friction_allowlist,random_prefix,3,4,,all_target,0.2,508,0.0,0.31496062992125984
all_known,pre_error_low_friction_allowlist,random_prefix,3,5,,all_target,0.2,508,0.0,0.3169291338582677
all_known,pre_error_low_friction_allowlist,random_prefix,3,6,,all_target,0.2,508,0.0,0.33070866141732286
all_known,pre_error_low_friction_allowlist,random_prefix,3,7,,all_target,0.2,508,0.0,0.3228346456692913
all_known,pre_error_low_friction_allowlist,random_prefix,3,8,,all_target,0.2,508,0.0,0.33267716535433073
all_known,pre_error_low_friction_allowlist,random_prefix,3,9,,all_target,0.2,508,0.0,0.33858267716535434
all_known,pre_error_low_friction_allowlist,random_prefix,3,10,,all_target,0.2,508,0.0,0.3484251968503937
all_known,pre_error_low_friction_allowlist,random_prefix,4,1,,all_target,0.2,508,0.0,0.15354330708661418
all_known,pre_error_low_friction_allowlist,random_prefix,4,2,,all_target,0.2,508,0.0,0.29133858267716534
all_known,pre_error_low_friction_allowlist,random_prefix,4,3,,all_target,0.2,508,0.0,0.3031496062992126
all_known,pre_error_low_friction_allowlist,random_prefix,4,4,,all_target,0.2,508,0.0,0.31496062992125984
all_known,pre_error_low_friction_allowlist,random_prefix,4,5,,all_target,0.2,508,0.0,0.3188976377952756
all_known,pre_error_low_friction_allowlist,random_prefix,4,6,,all_target,0.2,508,0.0,0.32086614173228345
all_known,pre_error_low_friction_allowlist,random_prefix,4,7,,all_target,0.2,508,0.0,0.3110236220472441
all_known,pre_error_low_friction_allowlist,random_prefix,4,8,,all_target,0.2,508,0.0,0.33070866141732286
all_known,pre_error_low_friction_allowlist,random_prefix,4,9,,all_target,0.2,508,0.0,0.3464566929133858
all_known,pre_error_low_friction_allowlist,random_prefix,4,10,,all_target,0.2,508,0.0,0.34448818897637795
all_known,pre_error_low_friction_allowlist,random_prefix,5,1,,all_target,0.2,508,0.0,0.25984251968503935
all_known,pre_error_low_friction_allowlist,random_prefix,5,2,,all_target,0.2,508,0.0,0.2736220472440945
all_known,pre_error_low_friction_allowlist,random_prefix,5,3,,all_target,0.2,508,0.0,0.3031496062992126
all_known,pre_error_low_friction_allowlist,random_prefix,5,4,,all_target,0.2,508,0.0,0.3110236220472441
all_known,pre_error_low_friction_allowlist,random_prefix,5,5,,all_target,0.2,508,0.0,0.3110236220472441
all_known,pre_error_low_friction_allowlist,random_prefix,5,6,,all_target,0.2,508,0.0,0.3484251968503937
all_known,pre_error_low_friction_allowlist,random_prefix,5,7,,all_target,0.2,508,0.0,0.3543307086614173
all_known,pre_error_low_friction_allowlist,random_prefix,5,8,,all_target,0.2,508,0.0,0.35039370078740156
all_known,pre_error_low_friction_allowlist,random_prefix,5,9,,all_target,0.2,508,0.0,0.3562992125984252
all_known,pre_error_low_friction_allowlist,random_prefix,5,10,,all_target,0.2,508,0.0,0.35236220472440943
all_known,pre_error_low_friction_allowlist,random_prefix,6,1,,all_target,0.2,508,0.0,0.23818897637795275
all_known,pre_error_low_friction_allowlist,random_prefix,6,2,,all_target,0.2,508,0.0,0.25
all_known,pre_error_low_friction_allowlist,random_prefix,6,3,,all_target,0.2,508,0.0,0.28937007874015747
all_known,pre_error_low_friction_allowlist,random_prefix,6,4,,all_target,0.2,508,0.0,0.31496062992125984
all_known,pre_error_low_friction_allowlist,random_prefix,6,5,,all_target,0.2,508,0.0,0.32086614173228345
all_known,pre_error_low_friction_allowlist,random_prefix,6,6,,all_target,0.2,508,0.0,0.33858267716535434
all_known,pre_error_low_friction_allowlist,random_prefix,6,7,,all_target,0.2,508,0.0,0.34448818897637795
all_known,pre_error_low_friction_allowlist,random_prefix,6,8,,all_target,0.2,508,0.0,0.3228346456692913
all_known,pre_error_low_friction_allowlist,random_prefix,6,9,,all_target,0.2,508,0.0,0.3248031496062992
all_known,pre_error_low_friction_allowlist,random_prefix,6,10,,all_target,0.2,508,0.0,0.3543307086614173
all_known,pre_error_low_friction_allowlist,random_prefix,7,1,,all_target,0.2,508,0.0,0.2440944881889764
all_known,pre_error_low_friction_allowlist,random_prefix,7,2,,all_target,0.2,508,0.0,0.33858267716535434
all_known,pre_error_low_friction_allowlist,random_prefix,7,3,,all_target,0.2,508,0.0,0.3425196850393701
all_known,pre_error_low_friction_allowlist,random_prefix,7,4,,all_target,0.2,508,0.0,0.3641732283464567
all_known,pre_error_low_friction_allowlist,random_prefix,7,5,,all_target,0.2,508,0.0,0.35826771653543305
all_known,pre_error_low_friction_allowlist,random_prefix,7,6,,all_target,0.2,508,0.0,0.3779527559055118
all_known,pre_error_low_friction_allowlist,random_prefix,7,7,,all_target,0.2,508,0.0,0.37598425196850394
all_known,pre_error_low_friction_allowlist,random_prefix,7,8,,all_target,0.2,508,0.0,0.3661417322834646
all_known,pre_error_low_friction_allowlist,random_prefix,7,9,,all_target,0.2,508,0.0,0.36811023622047245
all_known,pre_error_low_friction_allowlist,random_prefix,7,10,,all_target,0.2,508,0.0,0.35826771653543305
all_known,pre_error_low_friction_allowlist,random_prefix,8,1,,all_target,0.2,508,0.0,0.17125984251968504
all_known,pre_error_low_friction_allowlist,random_prefix,8,2,,all_target,0.2,508,0.0,0.2952755905511811
all_known,pre_error_low_friction_allowlist,random_prefix,8,3,,all_target,0.2,508,0.0,0.29133858267716534
all_known,pre_error_low_friction_allowlist,random_prefix,8,4,,all_target,0.2,508,0.0,0.3031496062992126
all_known,pre_error_low_friction_allowlist,random_prefix,8,5,,all_target,0.2,508,0.0,0.297244094488189
all_known,pre_error_low_friction_allowlist,random_prefix,8,6,,all_target,0.2,508,0.0,0.3188976377952756
all_known,pre_error_low_friction_allowlist,random_prefix,8,7,,all_target,0.2,508,0.0,0.328740157480315
all_known,pre_error_low_friction_allowlist,random_prefix,8,8,,all_target,0.2,508,0.0,0.34448818897637795
all_known,pre_error_low_friction_allowlist,random_prefix,8,9,,all_target,0.2,508,0.0,0.36220472440944884
all_known,pre_error_low_friction_allowlist,random_prefix,8,10,,all_target,0.2,508,0.0,0.3779527559055118
all_known,pre_error_low_friction_allowlist,random_prefix,9,1,,all_target,0.2,508,0.0,0.16929133858267717
all_known,pre_error_low_friction_allowlist,random_prefix,9,2,,all_target,0.2,508,0.0,0.18110236220472442
all_known,pre_error_low_friction_allowlist,random_prefix,9,3,,all_target,0.2,508,0.0,0.3031496062992126
all_known,pre_error_low_friction_allowlist,random_prefix,9,4,,all_target,0.2,508,0.0,0.2854330708661417
all_known,pre_error_low_friction_allowlist,random_prefix,9,5,,all_target,0.2,508,0.0,0.29133858267716534
all_known,pre_error_low_friction_allowlist,random_prefix,9,6,,all_target,0.2,508,0.0,0.33267716535433073
all_known,pre_error_low_friction_allowlist,random_prefix,9,7,,all_target,0.2,508,0.0,0.3405511811023622
all_known,pre_error_low_friction_allowlist,random_prefix,9,8,,all_target,0.2,508,0.0,0.3543307086614173
all_known,pre_error_low_friction_allowlist,random_prefix,9,9,,all_target,0.2,508,0.0,0.36023622047244097
all_known,pre_error_low_friction_allowlist,random_prefix,9,10,,all_target,0.2,508,0.0,0.36811023622047245
heldout_non_probe,pre_error_low_friction_allowlist,train_selected_greedy,,1,thunder.bach.linear_probing,hidden_only,0.2,12,0.42857142857142855,0.47980882668382663
heldout_with_probe_zero,pre_error_low_friction_allowlist,train_selected_greedy,,1,thunder.bach.linear_probing,all_target,0.2,13,0.4642857142857143,0.49584795469709364
heldout_non_probe,pre_error_low_friction_allowlist,train_selected_greedy,,2,eva.leaderboard.bach.validation,hidden_only,0.2,12,0.42857142857142855,0.46599694191179053
heldout_with_probe_zero,pre_error_low_friction_allowlist,train_selected_greedy,,2,eva.leaderboard.bach.validation,all_target,0.2,13,0.4642857142857143,0.49200954758858984
heldout_non_probe,pre_error_low_friction_allowlist,train_selected_greedy,,3,hoptimus1report2025.tcga_uniform.linear_probe_top1,hidden_only,0.2,12,0.39285714285714285,0.46736571751429523
heldout_with_probe_zero,pre_error_low_friction_allowlist,train_selected_greedy,,3,hoptimus1report2025.tcga_uniform.linear_probe_top1,all_target,0.2,13,0.4642857142857143,0.49480744093947865
heldout_non_probe,pre_error_low_friction_allowlist,train_selected_greedy,,4,hoptimus1report2025.cam17_wilds.linear_probe_top1,hidden_only,0.2,12,0.42857142857142855,0.4808967272898191
heldout_with_probe_zero,pre_error_low_friction_allowlist,train_selected_greedy,,4,hoptimus1report2025.cam17_wilds.linear_probe_top1,all_target,0.2,13,0.5357142857142857,0.5104508554959365
heldout_non_probe,pre_error_low_friction_allowlist,train_selected_greedy,,5,hoptimus1report2025.crc_no_norm.linear_probe_top1,hidden_only,0.2,12,0.42857142857142855,0.4753394624472291
heldout_with_probe_zero,pre_error_low_friction_allowlist,train_selected_greedy,,5,hoptimus1report2025.crc_no_norm.linear_probe_top1,all_target,0.2,13,0.5357142857142857,0.5059418161481875
heldout_non_probe,pre_error_low_friction_allowlist,train_selected_greedy,,6,eva.leaderboard.bracs.validation,hidden_only,0.2,12,0.42857142857142855,0.4813889670964957
heldout_with_probe_zero,pre_error_low_friction_allowlist,train_selected_greedy,,6,eva.leaderboard.bracs.validation,all_target,0.2,13,0.5357142857142857,0.5230603025005449
heldout_non_probe,pre_error_low_friction_allowlist,train_selected_greedy,,7,eva.leaderboard.gleason_arvaniti.validation,hidden_only,0.2,12,0.42857142857142855,0.4545549736653764
heldout_with_probe_zero,pre_error_low_friction_allowlist,train_selected_greedy,,7,eva.leaderboard.gleason_arvaniti.validation,all_target,0.2,13,0.42857142857142855,0.5140527176312775
heldout_non_probe,pre_error_low_friction_allowlist,train_selected_greedy,,8,thunder.break_his.linear_probing,hidden_only,0.2,11,0.5,0.4771510892770969
heldout_with_probe_zero,pre_error_low_friction_allowlist,train_selected_greedy,,8,thunder.break_his.linear_probing,all_target,0.2,13,0.5,0.5455942176059572
heldout_non_probe,pre_error_low_friction_allowlist,train_selected_greedy,,9,thunder.bracs.linear_probing,hidden_only,0.2,11,0.5,0.4658971615868168
heldout_with_probe_zero,pre_error_low_friction_allowlist,train_selected_greedy,,9,thunder.bracs.linear_probing,all_target,0.2,13,0.5,0.5482240538753446
heldout_non_probe,pre_error_low_friction_allowlist,train_selected_greedy,,10,eva.leaderboard.breakhis.validation,hidden_only,0.2,11,0.5,0.4788359423827404
heldout_with_probe_zero,pre_error_low_friction_allowlist,train_selected_greedy,,10,eva.leaderboard.breakhis.validation,all_target,0.2,13,0.5714285714285714,0.5674318735648208
